/*
 Navicat Premium Data Transfer

 Source Server         : 本机
 Source Server Type    : MySQL
 Source Server Version : 80028 (8.0.28)
 Source Host           : localhost:3306
 Source Schema         : xiaohai_blog

 Target Server Type    : MySQL
 Target Server Version : 80028 (8.0.28)
 File Encoding         : 65001

 Date: 30/06/2023 16:03:22
*/

SET NAMES utf8mb4;
SET FOREIGN_KEY_CHECKS = 0;

-- ----------------------------
-- Table structure for b_article
-- ----------------------------
DROP TABLE IF EXISTS `b_article`;
CREATE TABLE `b_article`  (
  `id` int NOT NULL AUTO_INCREMENT COMMENT 'id',
  `user_id` int NOT NULL COMMENT '用户id',
  `category_id` int NULL DEFAULT NULL COMMENT '分类id',
  `title` varchar(255) CHARACTER SET utf8mb4 COLLATE utf8mb4_0900_ai_ci NULL DEFAULT NULL COMMENT '文章标题',
  `summary` varchar(255) CHARACTER SET utf8mb4 COLLATE utf8mb4_general_ci NULL DEFAULT '' COMMENT '文章简介',
  `cover` varchar(255) CHARACTER SET utf8mb4 COLLATE utf8mb4_0900_ai_ci NULL DEFAULT NULL COMMENT '封面',
  `text` mediumtext CHARACTER SET utf8mb4 COLLATE utf8mb4_0900_ai_ci NULL COMMENT '内容',
  `is_push` int NULL DEFAULT 0 COMMENT '是否发布(0否，1是)',
  `is_top` int NULL DEFAULT 0 COMMENT '是否顶置(0否，1是)',
  `top_time` datetime NULL DEFAULT NULL COMMENT '顶置时间',
  `is_original` int NULL DEFAULT 1 COMMENT '是否原创 (0原创，1转载)',
  `original_url` varchar(255) CHARACTER SET utf8mb4 COLLATE utf8mb4_0900_ai_ci NULL DEFAULT NULL COMMENT '转载地址',
  `page_view` int NULL DEFAULT 0 COMMENT '浏览量',
  `created_time` datetime NULL DEFAULT NULL COMMENT '创建时间',
  `updated_time` datetime NULL DEFAULT NULL COMMENT '更新时间',
  PRIMARY KEY (`id`) USING BTREE
) ENGINE = InnoDB AUTO_INCREMENT = 13 CHARACTER SET = utf8mb4 COLLATE = utf8mb4_0900_ai_ci COMMENT = '文章表' ROW_FORMAT = DYNAMIC;

-- ----------------------------
-- Records of b_article
-- ----------------------------
INSERT INTO `b_article` VALUES (1, 1, 1, '测试', '这是简介', '/image/1/20230401.jpg', 'StpUtil.getLoginId()', 1, 1, NULL, 1, '', 189, '2023-04-09 00:29:28', '2023-04-26 20:53:18');
INSERT INTO `b_article` VALUES (2, 1, 2, '测试222', '', '/image/1/20230402.jpg', '是大V发SV地方\n# 是是是 ', 1, 0, NULL, 0, '', 4, '2023-04-07 17:42:01', '2023-04-08 14:50:00');
INSERT INTO `b_article` VALUES (3, 1, 2, '测试222', 'ah', '/image/1/20230418.jpg', '是大V发SV地方\n# 是是是 ', 1, 0, NULL, 0, '', 3, '2023-04-07 17:42:01', '2023-04-30 20:18:15');
INSERT INTO `b_article` VALUES (4, 1, 1, 'Linux  挂载ntfs硬盘', 'Linux  挂载ntfs硬盘', '/image/1/20230424.jpg', ' #  Linux  挂载ntfs硬盘\n\n如果直接在Centos 7上插u盘或移动硬盘，有可能该设备会无法挂载，原因是Centos默认不支持ntfs文件格式，一般来说安装 ntfs-3g即可如下所示：\n```\n#yum install ntfs-3g -y\n```\n\n或者\n\n```\n#yum install ntfs* -y\n```\n\n但是有时会出现 nothing to do 或者 no package ntfs-3g available 提示，此时yum安装失败\n\n这是因为这些软件包没有正式获得任何的CentOS或Red Hat的支持，使用yum搜索某些rpm包，找不到包是因为CentOS是RedHat企业版编译过来的，去掉了所有关于版权问题的东西。安装EPEL后可以很好的解决这个问题。EPEL(Extra Packages for Enterprise Linux )即企业版Linux的扩展包，提供了很多可共Centos使用的组件，安装完这个以后基本常用的rpm都可以找到。\n\n```\n#yum install epel-release -y\n```\n\nEPEL安装完成之后再执行nifs-3g的安装\n\n```\n#yum install ntfs-3g -y\n```\n\n现在就可以进行挂载硬盘了，插入硬盘，查看硬盘信息\n\n```\nfdisk -l\n```\n\n\n\n根据详细信息个，挂着自己想要的硬盘\n\n```\nmount -t ntfs-3g /dev/sdb1 /mnt/data\n```\n\n开机自动挂载NTFS（当然 如果不希望自动挂载的，可以不做这一步。）\n\n更改 /etc/fstab,更改前备份下 cp /etc/fstab /etc/fstab.bak\n\n```\nvim /etc/fstab\n\n/dev/sdb1 /mnt/data ntfs-3g defaults 0 0\n```\n\n\n\n取消挂载\n\n```\numount /mnt/data\n```\n', 1, 0, NULL, 0, '', 274, '2023-05-01 10:22:55', '2023-05-01 10:22:55');
INSERT INTO `b_article` VALUES (5, 1, 1, '必应壁纸接口', '必应壁纸接口', '/image/1/20230503.jpg', '## 必应壁纸接口\napi : https://cn.bing.com/HPImageArchive.aspx?format=js&idx=0&n=1&mkt=zh-CN\n### 请求参数\n\n| 参数   | Lianxia | 值                                                           |\n| :----- | :------ | :----------------------------------------------------------- |\n| format | 非必需  | 返回数据格式，不存在返回xml格式 `js` :返回 `JSON` 格式  `XML` : 返回`XML` 格式 一般是`js` |\n| idx    | 非必需  | 请求图片截止天数 `0` 今天 `1` 截止至昨天 `-1` 截止至明天     |\n| n      | 必需    | 1-8 返回请求数量，最多一次获取8张()                          |\n| mkt    | 非必需  | 地区 如: `zh-CN`                                             |\n\n### 接口返回数据\n```json\n# 一次可以获取8张\n// https://cn.bing.com/HPImageArchive.aspx?format=js&idx=0&n=8&mkt=zh-CN\n\n{\n  \"images\": [\n    {\n      \"startdate\": \"20230405\",\n      \"fullstartdate\": \"202304051600\",\n      \"enddate\": \"20230406\",\n      \"url\": \"/th?id=OHR.ArizonaPinkMoon_ZH-CN5545607389_1920x1080.jpg&rf=LaDigue_1920x1080.jpg&pid=hp\",\n      \"urlbase\": \"/th?id=OHR.ArizonaPinkMoon_ZH-CN5545607389\",\n      \"copyright\": \"月亮升起，图森，亚利桑那州，美国 (© Tim Murphy/Shutterstock)\",\n      \"copyrightlink\": \"https://www.bing.com/search?q=%E7%B2%89%E7%BA%A2%E8%89%B2%E6%9C%88%E4%BA%AE&form=hpcapt&mkt=zh-cn\",\n      \"title\": \"亚利桑那州空中的粉月亮\",\n      \"quiz\": \"/search?q=Bing+homepage+quiz&filters=WQOskey:%22HPQuiz_20230405_ArizonaPinkMoon%22&FORM=HPQUIZ\",\n      \"wp\": true,\n      \"hsh\": \"ab591ebfad21386b6f36da52bc11421e\",\n      \"drk\": 1,\n      \"top\": 1,\n      \"bot\": 1,\n      \"hs\": [\n        \n      ]\n    },\n    {\n      \"startdate\": \"20230404\",\n      \"fullstartdate\": \"202304041600\",\n      \"enddate\": \"20230405\",\n      \"url\": \"/th?id=OHR.QingMing2023_ZH-CN6951199028_1920x1080.jpg&rf=LaDigue_1920x1080.jpg&pid=hp\",\n      \"urlbase\": \"/th?id=OHR.QingMing2023_ZH-CN6951199028\",\n      \"copyright\": \"杭州西湖水墨意境般的风景，浙江省，中国 (© zhangshuang/Getty Images)\",\n      \"copyrightlink\": \"https://www.bing.com/search?q=%E6%B8%85%E6%98%8E%E8%8A%82&form=hpcapt&mkt=zh-cn\",\n      \"title\": \"水墨西湖\",\n      \"quiz\": \"/search?q=Bing+homepage+quiz&filters=WQOskey:%22HPQuiz_20230404_QingMing2023%22&FORM=HPQUIZ\",\n      \"wp\": true,\n      \"hsh\": \"fb3b90fb33dde5b3c99c9e2475635809\",\n      \"drk\": 1,\n      \"top\": 1,\n      \"bot\": 1,\n      \"hs\": [\n        \n      ]\n    },\n    {\n      \"startdate\": \"20230403\",\n      \"fullstartdate\": \"202304031600\",\n      \"enddate\": \"20230404\",\n      \"url\": \"/th?id=OHR.RomanBridge_ZH-CN4699931052_1920x1080.jpg&rf=LaDigue_1920x1080.jpg&pid=hp\",\n      \"urlbase\": \"/th?id=OHR.RomanBridge_ZH-CN4699931052\",\n      \"copyright\": \"科尔多瓦的古罗马桥，西班牙 (© Jeremy Woodhouse/Getty Images)\",\n      \"copyrightlink\": \"https://www.bing.com/search?q=%E7%A7%91%E5%B0%94%E5%A4%9A%E7%93%A6&form=hpcapt&mkt=zh-cn\",\n      \"title\": \"这座古桥在哪呢？\",\n      \"quiz\": \"/search?q=Bing+homepage+quiz&filters=WQOskey:%22HPQuiz_20230403_RomanBridge%22&FORM=HPQUIZ\",\n      \"wp\": true,\n      \"hsh\": \"023e618c13f376da0139a6bec85dfdb5\",\n      \"drk\": 1,\n      \"top\": 1,\n      \"bot\": 1,\n      \"hs\": [\n        \n      ]\n    },\n    {\n      \"startdate\": \"20230402\",\n      \"fullstartdate\": \"202304021600\",\n      \"enddate\": \"20230403\",\n      \"url\": \"/th?id=OHR.HonaunauNP_ZH-CN4491662962_1920x1080.jpg&rf=LaDigue_1920x1080.jpg&pid=hp\",\n      \"urlbase\": \"/th?id=OHR.HonaunauNP_ZH-CN4491662962\",\n      \"copyright\": \"大岛上的霍瑙瑙国家历史公园，夏威夷 (© Westend61/Getty Images)\",\n      \"copyrightlink\": \"https://www.bing.com/search?q=%E9%9C%8D%E7%91%99%E7%91%99%E5%9B%BD%E5%AE%B6%E5%8E%86%E5%8F%B2%E5%85%AC%E5%9B%AD&form=hpcapt&mkt=zh-cn\",\n      \"title\": \"追逐彩虹\",\n      \"quiz\": \"/search?q=Bing+homepage+quiz&filters=WQOskey:%22HPQuiz_20230402_HonaunauNP%22&FORM=HPQUIZ\",\n      \"wp\": true,\n      \"hsh\": \"1216eea4c984eb7488722eba133b68c4\",\n      \"drk\": 1,\n      \"top\": 1,\n      \"bot\": 1,\n      \"hs\": [\n        \n      ]\n    },\n    {\n      \"startdate\": \"20230401\",\n      \"fullstartdate\": \"202304011600\",\n      \"enddate\": \"20230402\",\n      \"url\": \"/th?id=OHR.JavaBromo_ZH-CN2744043733_1920x1080.jpg&rf=LaDigue_1920x1080.jpg&pid=hp\",\n      \"urlbase\": \"/th?id=OHR.JavaBromo_ZH-CN2744043733\",\n      \"copyright\": \"爪哇岛东部的婆罗摩火山，印度尼西亚 (© Bento Fotography/Getty Images)\",\n      \"copyrightlink\": \"https://www.bing.com/search?q=%E5%A9%86%E7%BD%97%E6%91%A9%E7%81%AB%E5%B1%B1&form=hpcapt&mkt=zh-cn\",\n      \"title\": \"这座缥缈的山在哪里？\",\n      \"quiz\": \"/search?q=Bing+homepage+quiz&filters=WQOskey:%22HPQuiz_20230401_JavaBromo%22&FORM=HPQUIZ\",\n      \"wp\": true,\n      \"hsh\": \"285b1fc1eb78d0f282cacf8dc80588f2\",\n      \"drk\": 1,\n      \"top\": 1,\n      \"bot\": 1,\n      \"hs\": [\n        \n      ]\n    },\n    {\n      \"startdate\": \"20230331\",\n      \"fullstartdate\": \"202303311600\",\n      \"enddate\": \"20230401\",\n      \"url\": \"/th?id=OHR.FrogMonth_ZH-CN3874143397_1920x1080.jpg&rf=LaDigue_1920x1080.jpg&pid=hp\",\n      \"urlbase\": \"/th?id=OHR.FrogMonth_ZH-CN3874143397\",\n      \"copyright\": \"爪哇树蛙 (© kuritafsheen/Getty Images)\",\n      \"copyrightlink\": \"https://www.bing.com/search?q=%E7%88%AA%E5%93%87%E6%A0%91%E8%9B%99&form=hpcapt&mkt=zh-cn\",\n      \"title\": \"一只青翠碧绿的蛙\",\n      \"quiz\": \"/search?q=Bing+homepage+quiz&filters=WQOskey:%22HPQuiz_20230331_FrogMonth%22&FORM=HPQUIZ\",\n      \"wp\": true,\n      \"hsh\": \"1893961139a4db2b6d3850df2975a9ac\",\n      \"drk\": 1,\n      \"top\": 1,\n      \"bot\": 1,\n      \"hs\": [\n        \n      ]\n    },\n    {\n      \"startdate\": \"20230330\",\n      \"fullstartdate\": \"202303301600\",\n      \"enddate\": \"20230331\",\n      \"url\": \"/th?id=OHR.SteyrRiver_ZH-CN3175702026_1920x1080.jpg&rf=LaDigue_1920x1080.jpg&pid=hp\",\n      \"urlbase\": \"/th?id=OHR.SteyrRiver_ZH-CN3175702026\",\n      \"copyright\": \"斯太尔河, 奥地利 (© guenterguni/Getty Images)\",\n      \"copyrightlink\": \"https://www.bing.com/search?q=%E6%96%AF%E5%A4%AA%E5%B0%94%E6%B2%B3+%E5%A5%A5%E5%9C%B0%E5%88%A9&form=hpcapt&mkt=zh-cn\",\n      \"title\": \"大自然的蓝色奇观\",\n      \"quiz\": \"/search?q=Bing+homepage+quiz&filters=WQOskey:%22HPQuiz_20230330_SteyrRiver%22&FORM=HPQUIZ\",\n      \"wp\": true,\n      \"hsh\": \"557b605734213e7e5efaa6423bc47429\",\n      \"drk\": 1,\n      \"top\": 1,\n      \"bot\": 1,\n      \"hs\": [\n        \n      ]\n    },\n    {\n      \"startdate\": \"20230329\",\n      \"fullstartdate\": \"202303291600\",\n      \"enddate\": \"20230330\",\n      \"url\": \"/th?id=OHR.PeacockFeathers_ZH-CN3403145691_1920x1080.jpg&rf=LaDigue_1920x1080.jpg&pid=hp\",\n      \"urlbase\": \"/th?id=OHR.PeacockFeathers_ZH-CN3403145691\",\n      \"copyright\": \"孔雀羽毛 (© sarayut Thaneerat/Getty Images)\",\n      \"copyrightlink\": \"https://www.bing.com/search?q=%E5%AD%94%E9%9B%80%E7%BE%BD%E6%AF%9B&form=hpcapt&mkt=zh-cn\",\n      \"title\": \"华贵的色彩\",\n      \"quiz\": \"/search?q=Bing+homepage+quiz&filters=WQOskey:%22HPQuiz_20230329_PeacockFeathers%22&FORM=HPQUIZ\",\n      \"wp\": true,\n      \"hsh\": \"715656440116ed2c7c9b6ee1414fe7f5\",\n      \"drk\": 1,\n      \"top\": 1,\n      \"bot\": 1,\n      \"hs\": [\n        \n      ]\n    }\n  ],\n  \"tooltips\": {\n    \"loading\": \"正在加载...\",\n    \"previous\": \"上一个图像\",\n    \"next\": \"下一个图像\",\n    \"walle\": \"此图片不能下载用作壁纸。\",\n    \"walls\": \"下载今日美图。仅限用作桌面壁纸。\"\n  }\n}\n```\n\n得到`JSON` 之后，可以知道 key `\"url\"` 对应的 value 就是地址\n\n在前面加上 `https://cn.bing.com` 就可以得到图片\n', 1, 0, NULL, 0, '', 78, '2023-05-08 14:21:21', '2023-05-08 14:22:39');
INSERT INTO `b_article` VALUES (6, 1, 1, 'vue相同的组件实例间跳转页面不刷新，即路径参数更改', '相同的组件实例将被重复使用生命周期钩子不会被调用', '/image/1/20230506.jpg', '\n\n## 问题如图\n\n![1683610878744.png](../image/1/1683611655538.png)\n\n官方解释如下：\n\n\n使用带有参数的路由时需要注意的是，当用户从 `/users/johnny` 导航到 `/users/jolyne` 时，**相同的组件实例将被重复使用**。因为两个路由都渲染同个组件，比起销毁再创建，复用则显得更加高效。**不过，这也意味着组件的生命周期钩子不会被调用**。\n\n要对同一个组件中参数的变化做出响应的话，你可以简单地 watch `$route` 对象上的任意属性，在这个场景中，就是 `$route.params` \n\n```js\nconst User = {\n  template: \'...\',\n  created() {\n    this.$watch(\n      () => this.$route.params,\n      (toParams, previousParams) => {\n        // 对路由变化做出响应...\n      }\n    )\n  },\n}\n```\n\n或者，使用 `beforeRouteUpdate` [导航守卫](https://router.vuejs.org/zh/guide/advanced/navigation-guards.html)，它也可以取消导航：\n\n```js\nconst User = {\n  template: \'...\',\n  async beforeRouteUpdate(to, from) {\n    // 对路由变化做出响应...\n    this.userData = await fetchUser(to.params.id)\n  },\n}\n```\n\n根据vue Router官方文档解释可知道**相同的组件实例将被重复使用生命周期钩子不会被调用**，这也是问题所以在。\n\n## 解决\n\n在Vue 3中，可以使用`watch`函数来监听$route对象的变化。以下是一个示例代码：\n\n```js\n<script setup lang=\"ts\">\nimport { useRoute } from \'vue-router\'\nconst route = useRoute()\n\nonMounted(async () => {\n  // 监听$route对象上的参数属性变化\n  watch(\n    () => route.params.id,\n    (newId, oldId) => {\n      if (newId !== oldId) {\n        // 如果发生变化重新载入\n        window.location.reload()\n      }\n    }\n  )\n})\n</script>\n```\n\n## 参考\n\n[Vue Router](https://router.vuejs.org/zh/guide/essentials/dynamic-matching.html#%E5%93%8D%E5%BA%94%E8%B7%AF%E7%94%B1%E5%8F%82%E6%95%B0%E7%9A%84%E5%8F%98%E5%8C%96)\n', 1, 0, NULL, 0, '', 35, '2023-05-09 13:53:40', '2023-05-09 14:34:13');
INSERT INTO `b_article` VALUES (7, 1, 1, '测试最新', '啊啊啊', '/image/1/20230502.jpg', '### 啊啊啊', 1, 0, NULL, 0, '', 0, '2023-05-09 17:23:27', '2023-05-09 17:23:27');
INSERT INTO `b_article` VALUES (8, 1, 2, '的发给好地方挂号费', '的发给黑色的燃放烟花双人', '/image/1/20230508.jpg', '生巅峰好公司的发货', 1, 0, NULL, 0, '', 0, '2023-05-09 17:23:50', '2023-05-09 17:23:50');
INSERT INTO `b_article` VALUES (9, 1, 1, '的功夫很简单', '分公交黛玉焚稿', '/image/1/20230502.jpg', '说让他复合弓风格和', 1, 0, NULL, 1, '电饭锅想见你电饭锅', 198, '2023-05-09 17:24:12', '2023-05-09 17:24:12');
INSERT INTO `b_article` VALUES (10, 1, 1, '官方的很反感', '过好几回', '/image/1/20230504.jpg', '得好几个军或多军军军军军军军军军军军军军军军军军军军', 1, 0, NULL, 0, '', 74, '2023-05-09 17:24:34', '2023-05-09 17:24:34');
INSERT INTO `b_article` VALUES (11, 1, 1, '欧与他人', '闪电发货风格和', '/image/1/20230501.jpg', '#### 找地方核酸方股东会', 1, 0, NULL, 0, '', 9, '2023-05-09 17:24:58', '2023-05-09 17:24:58');
INSERT INTO `b_article` VALUES (12, 4, 2, '我是测试用户呀', '١١(❛ᴗ❛)吃吃吃!!', '/image/4/20230613.jpg', '阿啦啦啦', 1, 0, NULL, 0, '', 11, '2023-06-19 15:16:29', '2023-06-19 15:16:29');

-- ----------------------------
-- Table structure for b_article_tag
-- ----------------------------
DROP TABLE IF EXISTS `b_article_tag`;
CREATE TABLE `b_article_tag`  (
  `id` int NOT NULL AUTO_INCREMENT COMMENT 'id',
  `article_id` int NOT NULL COMMENT '文章id',
  `tag_id` int NOT NULL COMMENT '标签id',
  PRIMARY KEY (`id`) USING BTREE
) ENGINE = InnoDB AUTO_INCREMENT = 45 CHARACTER SET = utf8mb4 COLLATE = utf8mb4_0900_ai_ci COMMENT = '文章标签关联' ROW_FORMAT = DYNAMIC;

-- ----------------------------
-- Records of b_article_tag
-- ----------------------------
INSERT INTO `b_article_tag` VALUES (13, 2, 1);
INSERT INTO `b_article_tag` VALUES (14, 2, 2);
INSERT INTO `b_article_tag` VALUES (25, 1, 1);
INSERT INTO `b_article_tag` VALUES (26, 3, 1);
INSERT INTO `b_article_tag` VALUES (27, 3, 2);
INSERT INTO `b_article_tag` VALUES (28, 4, 2);
INSERT INTO `b_article_tag` VALUES (30, 5, 1);
INSERT INTO `b_article_tag` VALUES (33, 6, 3);
INSERT INTO `b_article_tag` VALUES (34, 7, 2);
INSERT INTO `b_article_tag` VALUES (35, 8, 1);
INSERT INTO `b_article_tag` VALUES (36, 8, 2);
INSERT INTO `b_article_tag` VALUES (37, 8, 3);
INSERT INTO `b_article_tag` VALUES (38, 9, 1);
INSERT INTO `b_article_tag` VALUES (39, 9, 2);
INSERT INTO `b_article_tag` VALUES (40, 9, 3);
INSERT INTO `b_article_tag` VALUES (41, 10, 1);
INSERT INTO `b_article_tag` VALUES (42, 10, 2);
INSERT INTO `b_article_tag` VALUES (43, 11, 1);
INSERT INTO `b_article_tag` VALUES (44, 12, 2);

-- ----------------------------
-- Table structure for b_category
-- ----------------------------
DROP TABLE IF EXISTS `b_category`;
CREATE TABLE `b_category`  (
  `id` int NOT NULL AUTO_INCREMENT COMMENT 'id',
  `name` varchar(32) CHARACTER SET utf8mb4 COLLATE utf8mb4_0900_ai_ci NULL DEFAULT NULL COMMENT '分类名称',
  `click` int NULL DEFAULT 0 COMMENT '点击次数',
  `sort` int NULL DEFAULT NULL COMMENT '排序',
  `status` char(1) CHARACTER SET utf8mb4 COLLATE utf8mb4_0900_ai_ci NULL DEFAULT '0' COMMENT '状态（0正常 1停用）',
  `created_by` int NULL DEFAULT NULL COMMENT '创建人',
  `created_time` datetime NULL DEFAULT NULL COMMENT '创建时间',
  `updated_by` int NULL DEFAULT NULL COMMENT '更新人',
  `updated_time` datetime NULL DEFAULT NULL COMMENT '更新时间',
  PRIMARY KEY (`id`) USING BTREE
) ENGINE = InnoDB AUTO_INCREMENT = 3 CHARACTER SET = utf8mb4 COLLATE = utf8mb4_0900_ai_ci COMMENT = '分类表' ROW_FORMAT = DYNAMIC;

-- ----------------------------
-- Records of b_category
-- ----------------------------
INSERT INTO `b_category` VALUES (1, '技术类', 655, 0, '0', 1, '2023-04-03 17:02:19', 1, '2023-06-30 14:33:03');
INSERT INTO `b_category` VALUES (2, '资源类', 16, 2, '0', 1, '2023-04-03 17:02:54', 1, '2023-06-30 14:29:50');

-- ----------------------------
-- Table structure for b_comment
-- ----------------------------
DROP TABLE IF EXISTS `b_comment`;
CREATE TABLE `b_comment`  (
  `id` int NOT NULL AUTO_INCREMENT COMMENT 'id',
  `parent_id` int NOT NULL DEFAULT 0 COMMENT '父id',
  `article_id` int NOT NULL COMMENT '文章id',
  `user_id` int NOT NULL COMMENT '评论人id',
  `reply_user_id` int NULL DEFAULT NULL COMMENT '回复人id',
  `content` mediumtext CHARACTER SET utf8mb4 COLLATE utf8mb4_0900_ai_ci NULL COMMENT '评论内容',
  `created_time` datetime NULL DEFAULT NULL COMMENT '创建时间',
  PRIMARY KEY (`id`) USING BTREE
) ENGINE = InnoDB AUTO_INCREMENT = 23 CHARACTER SET = utf8mb4 COLLATE = utf8mb4_0900_ai_ci COMMENT = '评论表' ROW_FORMAT = DYNAMIC;

-- ----------------------------
-- Records of b_comment
-- ----------------------------
INSERT INTO `b_comment` VALUES (1, 0, 9, 1, NULL, '哈哈哈哈哈', '2023-05-27 15:10:52');
INSERT INTO `b_comment` VALUES (2, 1, 9, 1, 1, '啦啦啦', '2023-05-27 15:12:11');
INSERT INTO `b_comment` VALUES (4, 1, 9, 1, 1, '啦啦啦', '2023-05-27 15:37:46');
INSERT INTO `b_comment` VALUES (5, 1, 9, 1, 1, '啦啦啦', '2023-05-27 15:37:46');
INSERT INTO `b_comment` VALUES (6, 1, 9, 4, 1, '啦啦啦', '2023-05-27 15:37:46');
INSERT INTO `b_comment` VALUES (7, 1, 9, 1, 1, '啦啦啦', '2023-05-27 15:37:46');
INSERT INTO `b_comment` VALUES (8, 1, 9, 1, 1, '啦啦啦', '2023-05-27 15:37:46');
INSERT INTO `b_comment` VALUES (12, 0, 9, 1, NULL, '测试号', '2023-05-27 16:33:01');
INSERT INTO `b_comment` VALUES (13, 0, 9, 1, NULL, '测试表情[脸红]', '2023-06-15 15:05:56');
INSERT INTO `b_comment` VALUES (14, 0, 9, 1, NULL, '[呲牙][呲牙][呲牙]嘻嘻笑', '2023-06-15 15:44:35');
INSERT INTO `b_comment` VALUES (15, 1, 9, 1, 1, '我就回复了', '2023-06-15 16:32:27');
INSERT INTO `b_comment` VALUES (16, 14, 9, 10, 1, '回复一下呗', '2023-06-16 14:43:44');
INSERT INTO `b_comment` VALUES (17, 16, 9, 4, 1, '你好啊', '2023-06-16 22:05:15');
INSERT INTO `b_comment` VALUES (18, 17, 9, 4, 1, '我不好', '2023-06-16 22:12:50');
INSERT INTO `b_comment` VALUES (19, 18, 9, 1, 4, '你是谁啊', '2023-06-21 15:59:45');
INSERT INTO `b_comment` VALUES (20, 0, 12, 1, NULL, '你好啊啊啊', '2023-06-28 16:53:10');
INSERT INTO `b_comment` VALUES (21, 20, 12, 4, 1, '？？？？', '2023-06-28 16:54:25');
INSERT INTO `b_comment` VALUES (22, 21, 12, 1, 4, '你小子', '2023-06-28 17:00:05');

-- ----------------------------
-- Table structure for b_tags
-- ----------------------------
DROP TABLE IF EXISTS `b_tags`;
CREATE TABLE `b_tags`  (
  `id` int NOT NULL AUTO_INCREMENT COMMENT 'id',
  `name` varchar(32) CHARACTER SET utf8mb4 COLLATE utf8mb4_0900_ai_ci NULL DEFAULT NULL COMMENT '标签名称',
  `click` int NULL DEFAULT 0 COMMENT '点击次数',
  `sort` int NULL DEFAULT NULL COMMENT '排序',
  `status` char(1) CHARACTER SET utf8mb4 COLLATE utf8mb4_0900_ai_ci NULL DEFAULT '0' COMMENT '状态（0正常 1停用）',
  `created_by` int NULL DEFAULT NULL COMMENT '创建人',
  `created_time` datetime NULL DEFAULT NULL COMMENT '创建时间',
  `updated_by` int NULL DEFAULT NULL COMMENT '更新人',
  `updated_time` datetime NULL DEFAULT NULL COMMENT '更新时间',
  PRIMARY KEY (`id`) USING BTREE
) ENGINE = InnoDB AUTO_INCREMENT = 4 CHARACTER SET = utf8mb4 COLLATE = utf8mb4_0900_ai_ci COMMENT = '标签表' ROW_FORMAT = DYNAMIC;

-- ----------------------------
-- Records of b_tags
-- ----------------------------
INSERT INTO `b_tags` VALUES (1, 'Java', 5, 0, '0', 1, '2023-04-04 09:44:14', NULL, '2023-05-09 20:28:32');
INSERT INTO `b_tags` VALUES (2, 'Linux', 2, 1, '0', 1, '2023-04-04 09:44:22', NULL, '2023-05-09 14:12:44');
INSERT INTO `b_tags` VALUES (3, 'Vue', 2, 2, '0', 1, '2023-05-09 13:52:28', NULL, '2023-05-09 14:12:49');

-- ----------------------------
-- Table structure for sys_config
-- ----------------------------
DROP TABLE IF EXISTS `sys_config`;
CREATE TABLE `sys_config`  (
  `id` int NOT NULL AUTO_INCREMENT COMMENT 'id',
  `email_host` varchar(255) CHARACTER SET utf8mb4 COLLATE utf8mb4_0900_ai_ci NULL DEFAULT NULL COMMENT '邮箱地址',
  `email_username` varchar(255) CHARACTER SET utf8mb4 COLLATE utf8mb4_0900_ai_ci NULL DEFAULT NULL COMMENT '邮箱发件人',
  `email_password` varchar(255) CHARACTER SET utf8mb4 COLLATE utf8mb4_0900_ai_ci NULL DEFAULT NULL COMMENT '邮箱授权码',
  `email_port` int NULL DEFAULT NULL COMMENT '邮箱发送端口',
  `file_path` varchar(255) CHARACTER SET utf8mb4 COLLATE utf8mb4_0900_ai_ci NULL DEFAULT NULL COMMENT '本地文件地址',
  `content` longtext CHARACTER SET utf8mb4 COLLATE utf8mb4_0900_ai_ci NULL COMMENT '系统通知',
  `created_by` int NULL DEFAULT NULL COMMENT '创建人',
  `created_time` datetime NULL DEFAULT NULL COMMENT '创建时间',
  `updated_by` int NULL DEFAULT NULL COMMENT '更新人',
  `updated_time` datetime NULL DEFAULT NULL COMMENT '更新时间',
  PRIMARY KEY (`id`) USING BTREE
) ENGINE = InnoDB AUTO_INCREMENT = 2 CHARACTER SET = utf8mb4 COLLATE = utf8mb4_0900_ai_ci COMMENT = '系统配置' ROW_FORMAT = DYNAMIC;

-- ----------------------------
-- Records of sys_config
-- ----------------------------
INSERT INTO `sys_config` VALUES (1, 'smtp.qq.com', '1372195290@qq.com', '', 587, 'C:/Users/wangchenghai/Pictures/files/', ' #  Linux  挂载ntfs硬盘\n\n如果直接在Centos 7上插u盘或移动硬盘，有可能该设备会无法挂载，原因是Centos默认不支持ntfs文件格式，一般来说安装 ntfs-3g即可如下所示：\n```\n#yum install ntfs-3g -y\n```\n\n或者\n\n```\n#yum install ntfs* -y\n```\n\n但是有时会出现 nothing to do 或者 no package ntfs-3g available 提示，此时yum安装失败\n\n这是因为这些软件包没有正式获得任何的CentOS或Red Hat的支持，使用yum搜索某些rpm包，找不到包是因为CentOS是RedHat企业版编译过来的，去掉了所有关于版权问题的东西。安装EPEL后可以很好的解决这个问题。EPEL(Extra Packages for Enterprise Linux )即企业版Linux的扩展包，提供了很多可共Centos使用的组件，安装完这个以后基本常用的rpm都可以找到。\n\n```\n#yum install epel-release -y\n```\n\nEPEL安装完成之后再执行nifs-3g的安装\n\n```\n#yum install ntfs-3g -y\n```\n\n现在就可以进行挂载硬盘了，插入硬盘，查看硬盘信息\n\n```\nfdisk -l\n```\n\n\n\n根据详细信息个，挂着自己想要的硬盘\n\n```\nmount -t ntfs-3g /dev/sdb1 /mnt/data\n```\n\n开机自动挂载NTFS（当然 如果不希望自动挂载的，可以不做这一步。）\n\n更改 /etc/fstab,更改前备份下 cp /etc/fstab /etc/fstab.bak\n\n```\nvim /etc/fstab\n\n/dev/sdb1 /mnt/data ntfs-3g defaults 0 0\n```\n\n\n\n取消挂载\n\n```\numount /mnt/data\n```\n\n![jichou.png](http://localhost:8089/api/document/upload/image/1/1680071812217.png)', 1, '2023-02-02 10:34:11', 1, '2023-03-29 14:58:49');

-- ----------------------------
-- Table structure for sys_dict_data
-- ----------------------------
DROP TABLE IF EXISTS `sys_dict_data`;
CREATE TABLE `sys_dict_data`  (
  `id` int NOT NULL AUTO_INCREMENT COMMENT 'id',
  `dict_sort` int NULL DEFAULT NULL COMMENT '字典排序',
  `dict_type` varchar(100) CHARACTER SET utf8mb4 COLLATE utf8mb4_0900_ai_ci NOT NULL COMMENT '字典类型',
  `dict_label` varchar(255) CHARACTER SET utf8mb4 COLLATE utf8mb4_0900_ai_ci NOT NULL COMMENT '字典标签',
  `dict_value` varchar(255) CHARACTER SET utf8mb4 COLLATE utf8mb4_0900_ai_ci NOT NULL COMMENT '字典键值',
  `status` char(1) CHARACTER SET utf8mb4 COLLATE utf8mb4_0900_ai_ci NULL DEFAULT '0' COMMENT '状态（0正常 1停用）',
  `style` varchar(50) CHARACTER SET utf8mb4 COLLATE utf8mb4_0900_ai_ci NULL DEFAULT NULL COMMENT '样式',
  `remark` varchar(255) CHARACTER SET utf8mb4 COLLATE utf8mb4_0900_ai_ci NULL DEFAULT NULL COMMENT '备注',
  `created_by` int NULL DEFAULT NULL COMMENT '创建人',
  `created_time` datetime NULL DEFAULT NULL COMMENT '创建时间',
  `updated_by` int NULL DEFAULT NULL COMMENT '更新人',
  `updated_time` datetime NULL DEFAULT NULL COMMENT '更新时间',
  PRIMARY KEY (`id`) USING BTREE
) ENGINE = InnoDB AUTO_INCREMENT = 10 CHARACTER SET = utf8mb4 COLLATE = utf8mb4_0900_ai_ci COMMENT = '字典数据表' ROW_FORMAT = DYNAMIC;

-- ----------------------------
-- Records of sys_dict_data
-- ----------------------------
INSERT INTO `sys_dict_data` VALUES (1, 1, 'sys_user_sex', '女', '0', '0', 'success', NULL, 1, '2023-02-26 13:12:00', 1, '2023-03-19 22:26:36');
INSERT INTO `sys_dict_data` VALUES (2, 2, 'sys_user_sex', '男', '1', '0', 'success', NULL, 1, '2023-02-26 21:18:43', 1, '2023-03-19 22:26:47');
INSERT INTO `sys_dict_data` VALUES (3, 3, 'sys_user_sex', '未知', '2', '0', 'warning', NULL, 1, '2023-02-26 21:41:13', 1, '2023-03-01 11:09:57');
INSERT INTO `sys_dict_data` VALUES (4, 1, 'sys_normal_disable', '正常', '0', '0', 'success', NULL, 1, '2023-02-27 10:37:38', 1, '2023-03-01 15:03:21');
INSERT INTO `sys_dict_data` VALUES (5, 2, 'sys_normal_disable', '停用', '1', '0', 'warning', NULL, 1, '2023-02-27 10:37:49', 1, '2023-03-01 15:03:21');
INSERT INTO `sys_dict_data` VALUES (6, 0, 'sys_request_method', 'POST', 'POST', '0', '', '', 1, '2023-03-30 17:52:52', 1, '2023-03-30 18:13:00');
INSERT INTO `sys_dict_data` VALUES (7, 0, 'sys_request_method', 'DELETE', 'DELETE', '0', 'danger', '', 1, '2023-03-30 17:56:58', 1, '2023-03-30 17:59:16');
INSERT INTO `sys_dict_data` VALUES (8, 0, 'sys_request_method', 'GET', 'GET', '0', 'success', '', 1, '2023-03-30 17:57:13', 1, '2023-03-30 17:59:16');
INSERT INTO `sys_dict_data` VALUES (9, 0, 'sys_request_method', 'PUT', 'PUT', '0', 'warning', '', 1, '2023-03-30 17:57:26', 1, '2023-03-30 17:59:16');

-- ----------------------------
-- Table structure for sys_dict_type
-- ----------------------------
DROP TABLE IF EXISTS `sys_dict_type`;
CREATE TABLE `sys_dict_type`  (
  `id` int NOT NULL AUTO_INCREMENT COMMENT 'id',
  `dict_name` varchar(100) CHARACTER SET utf8mb4 COLLATE utf8mb4_0900_ai_ci NULL DEFAULT NULL COMMENT '字典名称',
  `dict_type` varchar(100) CHARACTER SET utf8mb4 COLLATE utf8mb4_0900_ai_ci NOT NULL COMMENT '字典类型',
  `status` char(1) CHARACTER SET utf8mb4 COLLATE utf8mb4_0900_ai_ci NULL DEFAULT '0' COMMENT '状态（0正常 1停用）',
  `remark` varchar(255) CHARACTER SET utf8mb4 COLLATE utf8mb4_0900_ai_ci NULL DEFAULT NULL COMMENT '备注',
  `created_by` int NULL DEFAULT NULL COMMENT '创建人',
  `created_time` datetime NULL DEFAULT NULL COMMENT '创建时间',
  `updated_by` int NULL DEFAULT NULL COMMENT '更新人',
  `updated_time` datetime NULL DEFAULT NULL COMMENT '更新时间',
  PRIMARY KEY (`id`) USING BTREE
) ENGINE = InnoDB AUTO_INCREMENT = 4 CHARACTER SET = utf8mb4 COLLATE = utf8mb4_0900_ai_ci COMMENT = '字典类型表' ROW_FORMAT = DYNAMIC;

-- ----------------------------
-- Records of sys_dict_type
-- ----------------------------
INSERT INTO `sys_dict_type` VALUES (1, '用户性别', 'sys_user_sex', '0', '用户性别', 1, '2023-02-25 21:52:09', 1, '2023-02-27 17:22:36');
INSERT INTO `sys_dict_type` VALUES (2, '系统状态', 'sys_normal_disable', '0', '系统状态\n', 1, '2023-02-26 09:07:02', 1, '2023-03-01 15:03:21');
INSERT INTO `sys_dict_type` VALUES (3, '请求方式', 'sys_request_method', '0', '请求方式', 1, '2023-03-30 17:52:00', 1, '2023-03-30 17:59:16');

-- ----------------------------
-- Table structure for sys_log
-- ----------------------------
DROP TABLE IF EXISTS `sys_log`;
CREATE TABLE `sys_log`  (
  `id` int NOT NULL AUTO_INCREMENT COMMENT 'id',
  `title` varchar(255) CHARACTER SET utf8mb4 COLLATE utf8mb4_0900_ai_ci NULL DEFAULT NULL COMMENT '模块名称',
  `method` varchar(255) CHARACTER SET utf8mb4 COLLATE utf8mb4_0900_ai_ci NULL DEFAULT NULL COMMENT '方法名称',
  `request_method` varchar(10) CHARACTER SET utf8mb4 COLLATE utf8mb4_0900_ai_ci NULL DEFAULT NULL COMMENT '请求方式',
  `oper_url` varchar(255) CHARACTER SET utf8mb4 COLLATE utf8mb4_0900_ai_ci NULL DEFAULT NULL COMMENT '请求url',
  `oper_ip` varchar(128) CHARACTER SET utf8mb4 COLLATE utf8mb4_0900_ai_ci NULL DEFAULT NULL COMMENT '主机地址',
  `oper_os` varchar(255) CHARACTER SET utf8 COLLATE utf8_general_ci NULL DEFAULT NULL COMMENT '操作系统',
  `oper_browser` varchar(255) CHARACTER SET utf8 COLLATE utf8_general_ci NULL DEFAULT NULL COMMENT '浏览器',
  `oper_param` varchar(2000) CHARACTER SET utf8mb4 COLLATE utf8mb4_0900_ai_ci NULL DEFAULT NULL COMMENT '请求参数',
  `json_result` varchar(2000) CHARACTER SET utf8mb4 COLLATE utf8mb4_0900_ai_ci NULL DEFAULT NULL COMMENT '返回参数',
  `error_msg` varchar(2000) CHARACTER SET utf8mb4 COLLATE utf8mb4_0900_ai_ci NULL DEFAULT NULL COMMENT '错误消息',
  `status` char(1) CHARACTER SET utf8mb4 COLLATE utf8mb4_0900_ai_ci NULL DEFAULT '0' COMMENT '状态（0正常 1异常）',
  `created_by` varchar(80) CHARACTER SET utf8mb4 COLLATE utf8mb4_0900_ai_ci NULL DEFAULT NULL COMMENT '创建人',
  `created_time` datetime NULL DEFAULT NULL COMMENT '创建时间',
  PRIMARY KEY (`id`) USING BTREE
) ENGINE = InnoDB AUTO_INCREMENT = 546 CHARACTER SET = utf8mb4 COLLATE = utf8mb4_0900_ai_ci COMMENT = '系统日志' ROW_FORMAT = DYNAMIC;

-- ----------------------------
-- Records of sys_log
-- ----------------------------
INSERT INTO `sys_log` VALUES (1, '新增菜单权限', 'com.xiaohai.system.controller.MenuController.add', 'POST', 'http://localhost:8089/api/system/menu', '127.0.0.1', NULL, NULL, '[{\"parentId\":31,\"icon\":\"\",\"menuSort\":0,\"menuName\":\"查看\",\"menuType\":\"F\",\"path\":\"\",\"component\":\"\",\"perms\":\"system:config:select\",\"status\":\"0\"}]', '{\"code\":200,\"msg\":\"新增菜单权限表成功！\",\"data\":1}', NULL, '0', 'admin', '2023-03-31 11:04:08');
INSERT INTO `sys_log` VALUES (2, '新增菜单权限', 'com.xiaohai.system.controller.MenuController.add', 'POST', 'http://localhost:8089/api/system/menu', '127.0.0.1', NULL, NULL, '[{\"parentId\":31,\"icon\":\"\",\"menuSort\":1,\"menuName\":\"保存\",\"menuType\":\"F\",\"path\":\"\",\"component\":\"\",\"perms\":\"system:config:save\",\"status\":\"0\"}]', '{\"code\":200,\"msg\":\"新增菜单权限表成功！\",\"data\":1}', NULL, '0', 'admin', '2023-03-31 11:04:58');
INSERT INTO `sys_log` VALUES (3, '登录', 'com.xiaohai.system.controller.LoginController.login', 'POST', 'http://localhost:8089/api/login', '127.0.0.1', NULL, NULL, '[{\"username\":\"admin\",\"password\":\"123456\",\"rememberMe\":false}]', '{\"code\":200,\"msg\":\"登录成功！\",\"data\":\"ffdd2a3c-c1b1-4f80-9084-7773e86d153d\"}', NULL, '0', 'admin', '2023-03-31 11:11:32');
INSERT INTO `sys_log` VALUES (4, '登录', 'com.xiaohai.system.controller.LoginController.login', 'POST', 'http://localhost:8089/api/login', '127.0.0.1', NULL, NULL, '[{\"username\":\"admin\",\"password\":\"123456\",\"rememberMe\":false}]', '{\"code\":200,\"msg\":\"登录成功！\",\"data\":\"8e60410c-fbd5-45e9-aa26-3994a179ec46\"}', NULL, '0', 'admin', '2023-03-31 15:42:23');
INSERT INTO `sys_log` VALUES (5, '登录', 'com.xiaohai.system.controller.LoginController.login', 'POST', 'http://localhost:8089/api/login', '127.0.0.1', NULL, NULL, '[{\"username\":\"admin\",\"password\":\"123456\",\"rememberMe\":false}]', '{\"code\":200,\"msg\":\"登录成功！\",\"data\":\"dc8038d1-1555-4707-abc0-06c3a2f04f73\"}', NULL, '0', 'admin', '2023-03-31 17:17:42');
INSERT INTO `sys_log` VALUES (6, '新增菜单权限', 'com.xiaohai.system.controller.MenuController.add', 'POST', 'http://localhost:8089/api/system/menu', '127.0.0.1', NULL, NULL, '[{\"parentId\":0,\"icon\":\"edit\",\"menuSort\":0,\"menuName\":\"文章管理\",\"menuType\":\"M\",\"path\":\"note\",\"component\":\"\",\"perms\":\"\",\"status\":\"0\"}]', '{\"code\":200,\"msg\":\"新增菜单权限表成功！\",\"data\":1}', NULL, '0', 'admin', '2023-03-31 17:55:49');
INSERT INTO `sys_log` VALUES (7, '更新菜单权限', 'com.xiaohai.system.controller.MenuController.update', 'PUT', 'http://localhost:8089/api/system/menu', '127.0.0.1', NULL, NULL, '[{\"id\":1,\"parentId\":0,\"icon\":\"el-icon-s-tools\",\"menuSort\":1,\"menuName\":\"系统管理\",\"menuType\":\"M\",\"path\":\"system\",\"component\":\"\",\"perms\":\"\",\"status\":\"0\"}]', '{\"code\":200,\"msg\":\"更新菜单权限表成功！\",\"data\":1}', NULL, '0', 'admin', '2023-03-31 17:55:56');
INSERT INTO `sys_log` VALUES (8, '更新菜单权限', 'com.xiaohai.system.controller.MenuController.update', 'PUT', 'http://localhost:8089/api/system/menu', '127.0.0.1', NULL, NULL, '[{\"id\":1,\"parentId\":0,\"icon\":\"el-icon-s-tools\",\"menuSort\":2,\"menuName\":\"系统管理\",\"menuType\":\"M\",\"path\":\"system\",\"component\":\"\",\"perms\":\"\",\"status\":\"0\"}]', '{\"code\":200,\"msg\":\"更新菜单权限表成功！\",\"data\":1}', NULL, '0', 'admin', '2023-03-31 17:56:02');
INSERT INTO `sys_log` VALUES (9, '更新菜单权限', 'com.xiaohai.system.controller.MenuController.update', 'PUT', 'http://localhost:8089/api/system/menu', '127.0.0.1', NULL, NULL, '[{\"id\":32,\"parentId\":0,\"icon\":\"el-icon-files\",\"menuSort\":3,\"menuName\":\"文件管理\",\"menuType\":\"M\",\"path\":\"file\",\"component\":\"\",\"perms\":\"\",\"status\":\"0\"}]', '{\"code\":200,\"msg\":\"更新菜单权限表成功！\",\"data\":1}', NULL, '0', 'admin', '2023-03-31 17:56:06');
INSERT INTO `sys_log` VALUES (10, '更新菜单权限', 'com.xiaohai.system.controller.MenuController.update', 'PUT', 'http://localhost:8089/api/system/menu', '127.0.0.1', NULL, NULL, '[{\"id\":41,\"parentId\":0,\"icon\":\"edit\",\"menuSort\":0,\"menuName\":\"文章\",\"menuType\":\"M\",\"path\":\"note\",\"component\":\"\",\"perms\":\"\",\"status\":\"0\"}]', '{\"code\":200,\"msg\":\"更新菜单权限表成功！\",\"data\":1}', NULL, '0', 'admin', '2023-03-31 17:56:43');
INSERT INTO `sys_log` VALUES (11, '新增菜单权限', 'com.xiaohai.system.controller.MenuController.add', 'POST', 'http://localhost:8089/api/system/menu', '127.0.0.1', NULL, NULL, '[{\"parentId\":41,\"icon\":\"el-icon-price-tag\",\"menuSort\":0,\"menuName\":\"标签管理\",\"menuType\":\"C\",\"path\":\"note\",\"component\":\"note/tages\",\"perms\":\"\",\"status\":\"0\"}]', '{\"code\":200,\"msg\":\"新增菜单权限表成功！\",\"data\":1}', NULL, '0', 'admin', '2023-03-31 17:59:09');
INSERT INTO `sys_log` VALUES (12, '更新菜单权限', 'com.xiaohai.system.controller.MenuController.update', 'PUT', 'http://localhost:8089/api/system/menu', '127.0.0.1', NULL, NULL, '[{\"id\":42,\"parentId\":41,\"icon\":\"el-icon-price-tag\",\"menuSort\":0,\"menuName\":\"标签管理\",\"menuType\":\"C\",\"path\":\"note\",\"component\":\"note/tages/index\",\"perms\":\"\",\"status\":\"0\"}]', '{\"code\":200,\"msg\":\"更新菜单权限表成功！\",\"data\":1}', NULL, '0', 'admin', '2023-03-31 17:59:25');
INSERT INTO `sys_log` VALUES (13, '更新菜单权限', 'com.xiaohai.system.controller.MenuController.update', 'PUT', 'http://localhost:8089/api/system/menu', '127.0.0.1', NULL, NULL, '[{\"id\":41,\"parentId\":0,\"icon\":\"edit\",\"menuSort\":0,\"menuName\":\"文章管理\",\"menuType\":\"M\",\"path\":\"note\",\"component\":\"\",\"perms\":\"\",\"status\":\"0\"}]', '{\"code\":200,\"msg\":\"更新菜单权限表成功！\",\"data\":1}', NULL, '0', 'admin', '2023-03-31 17:59:32');
INSERT INTO `sys_log` VALUES (14, '更新菜单权限', 'com.xiaohai.system.controller.MenuController.update', 'PUT', 'http://localhost:8089/api/system/menu', '127.0.0.1', NULL, NULL, '[{\"id\":42,\"parentId\":41,\"icon\":\"el-icon-price-tag\",\"menuSort\":0,\"menuName\":\"标签管理\",\"menuType\":\"C\",\"path\":\"tags\",\"component\":\"note/tags/index\",\"perms\":\"\",\"status\":\"0\"}]', '{\"code\":200,\"msg\":\"更新菜单权限表成功！\",\"data\":1}', NULL, '0', 'admin', '2023-03-31 18:02:04');
INSERT INTO `sys_log` VALUES (15, '登录', 'com.xiaohai.system.controller.LoginController.login', 'POST', 'http://localhost:8089/api/login', '127.0.0.1', NULL, NULL, '[{\"username\":\"admin\",\"password\":\"123456\",\"rememberMe\":false}]', '{\"code\":200,\"msg\":\"登录成功！\",\"data\":\"04bcc58e-c4dc-4940-9b53-a2d57a7df7b5\"}', NULL, '0', 'admin', '2023-04-03 09:22:02');
INSERT INTO `sys_log` VALUES (16, '登录', 'com.xiaohai.system.controller.LoginController.login', 'POST', 'http://localhost:8089/api/login', '127.0.0.1', NULL, NULL, '[{\"username\":\"admin\",\"password\":\"123456\",\"rememberMe\":false}]', '{\"code\":200,\"msg\":\"登录成功！\",\"data\":\"64350007-584d-44fb-ab42-f10745a03788\"}', NULL, '0', 'admin', '2023-04-03 13:17:43');
INSERT INTO `sys_log` VALUES (17, '新增菜单权限', 'com.xiaohai.system.controller.MenuController.add', 'POST', 'http://localhost:8089/api/system/menu', '127.0.0.1', NULL, NULL, '[{\"parentId\":42,\"icon\":\"\",\"menuSort\":0,\"menuName\":\"列表\",\"menuType\":\"F\",\"path\":\"\",\"component\":\"\",\"perms\":\"note:tags:list\",\"status\":\"0\"}]', '{\"code\":200,\"msg\":\"新增菜单权限表成功！\",\"data\":1}', NULL, '0', 'admin', '2023-04-03 13:25:39');
INSERT INTO `sys_log` VALUES (18, '新增菜单权限', 'com.xiaohai.system.controller.MenuController.add', 'POST', 'http://localhost:8089/api/system/menu', '127.0.0.1', NULL, NULL, '[{\"parentId\":42,\"icon\":\"\",\"menuSort\":0,\"menuName\":\"新增\",\"menuType\":\"F\",\"path\":\"\",\"component\":\"\",\"perms\":\"note:tags:add\",\"status\":\"0\"}]', '{\"code\":200,\"msg\":\"新增菜单权限表成功！\",\"data\":1}', NULL, '0', 'admin', '2023-04-03 13:25:53');
INSERT INTO `sys_log` VALUES (19, '更新菜单权限', 'com.xiaohai.system.controller.MenuController.update', 'PUT', 'http://localhost:8089/api/system/menu', '127.0.0.1', NULL, NULL, '[{\"id\":44,\"parentId\":42,\"icon\":\"\",\"menuSort\":1,\"menuName\":\"新增\",\"menuType\":\"F\",\"path\":\"\",\"component\":\"\",\"perms\":\"note:tags:add\",\"status\":\"0\"}]', '{\"code\":200,\"msg\":\"更新菜单权限表成功！\",\"data\":1}', NULL, '0', 'admin', '2023-04-03 13:25:57');
INSERT INTO `sys_log` VALUES (20, '新增菜单权限', 'com.xiaohai.system.controller.MenuController.add', 'POST', 'http://localhost:8089/api/system/menu', '127.0.0.1', NULL, NULL, '[{\"parentId\":42,\"icon\":\"\",\"menuSort\":2,\"menuName\":\"更新\",\"menuType\":\"F\",\"path\":\"\",\"component\":\"\",\"perms\":\"note:tags:update\",\"status\":\"0\"}]', '{\"code\":200,\"msg\":\"新增菜单权限表成功！\",\"data\":1}', NULL, '0', 'admin', '2023-04-03 13:26:15');
INSERT INTO `sys_log` VALUES (21, '新增菜单权限', 'com.xiaohai.system.controller.MenuController.add', 'POST', 'http://localhost:8089/api/system/menu', '127.0.0.1', NULL, NULL, '[{\"parentId\":42,\"icon\":\"\",\"menuSort\":3,\"menuName\":\"删除\",\"menuType\":\"F\",\"path\":\"\",\"component\":\"\",\"perms\":\"note:tags:delete\",\"status\":\"0\"}]', '{\"code\":200,\"msg\":\"新增菜单权限表成功！\",\"data\":1}', NULL, '0', 'admin', '2023-04-03 13:26:35');
INSERT INTO `sys_log` VALUES (22, '新增菜单权限', 'com.xiaohai.system.controller.MenuController.add', 'POST', 'http://localhost:8089/api/system/menu', '127.0.0.1', NULL, NULL, '[{\"parentId\":41,\"icon\":\"el-icon-collection-tag\",\"menuSort\":1,\"menuName\":\"分类管理\",\"menuType\":\"C\",\"path\":\"category\",\"component\":\"note/category/index\",\"perms\":\"\",\"status\":\"0\"}]', '{\"code\":200,\"msg\":\"新增菜单权限表成功！\",\"data\":1}', NULL, '0', 'admin', '2023-04-03 13:28:22');
INSERT INTO `sys_log` VALUES (23, '更新菜单权限', 'com.xiaohai.system.controller.MenuController.update', 'PUT', 'http://localhost:8089/api/system/menu', '127.0.0.1', NULL, NULL, '[{\"id\":47,\"parentId\":41,\"icon\":\"el-icon-price-tag\",\"menuSort\":1,\"menuName\":\"分类管理\",\"menuType\":\"C\",\"path\":\"category\",\"component\":\"note/category/index\",\"perms\":\"\",\"status\":\"0\"}]', '{\"code\":200,\"msg\":\"更新菜单权限表成功！\",\"data\":1}', NULL, '0', 'admin', '2023-04-03 13:28:54');
INSERT INTO `sys_log` VALUES (24, '更新菜单权限', 'com.xiaohai.system.controller.MenuController.update', 'PUT', 'http://localhost:8089/api/system/menu', '127.0.0.1', NULL, NULL, '[{\"id\":42,\"parentId\":41,\"icon\":\"el-icon-collection-tag\",\"menuSort\":0,\"menuName\":\"标签管理\",\"menuType\":\"C\",\"path\":\"tags\",\"component\":\"note/tags/index\",\"perms\":\"\",\"status\":\"0\"}]', '{\"code\":200,\"msg\":\"更新菜单权限表成功！\",\"data\":1}', NULL, '0', 'admin', '2023-04-03 13:29:05');
INSERT INTO `sys_log` VALUES (25, '新增菜单权限', 'com.xiaohai.system.controller.MenuController.add', 'POST', 'http://localhost:8089/api/system/menu', '127.0.0.1', NULL, NULL, '[{\"parentId\":47,\"icon\":\"\",\"menuSort\":0,\"menuName\":\"列表\",\"menuType\":\"F\",\"path\":\"\",\"component\":\"\",\"perms\":\"note:category:list\",\"status\":\"0\"}]', '{\"code\":200,\"msg\":\"新增菜单权限表成功！\",\"data\":1}', NULL, '0', 'admin', '2023-04-03 13:53:48');
INSERT INTO `sys_log` VALUES (26, '新增菜单权限', 'com.xiaohai.system.controller.MenuController.add', 'POST', 'http://localhost:8089/api/system/menu', '127.0.0.1', NULL, NULL, '[{\"parentId\":47,\"icon\":\"\",\"menuSort\":1,\"menuName\":\"新增\",\"menuType\":\"F\",\"path\":\"\",\"component\":\"\",\"perms\":\"note:category:add\",\"status\":\"0\"}]', '{\"code\":200,\"msg\":\"新增菜单权限表成功！\",\"data\":1}', NULL, '0', 'admin', '2023-04-03 13:54:09');
INSERT INTO `sys_log` VALUES (27, '新增菜单权限', 'com.xiaohai.system.controller.MenuController.add', 'POST', 'http://localhost:8089/api/system/menu', '127.0.0.1', NULL, NULL, '[{\"parentId\":47,\"icon\":\"\",\"menuSort\":2,\"menuName\":\"更新\",\"menuType\":\"F\",\"path\":\"\",\"component\":\"\",\"perms\":\"note:category:update\",\"status\":\"0\"}]', '{\"code\":200,\"msg\":\"新增菜单权限表成功！\",\"data\":1}', NULL, '0', 'admin', '2023-04-03 13:54:29');
INSERT INTO `sys_log` VALUES (28, '新增菜单权限', 'com.xiaohai.system.controller.MenuController.add', 'POST', 'http://localhost:8089/api/system/menu', '127.0.0.1', NULL, NULL, '[{\"parentId\":47,\"icon\":\"\",\"menuSort\":3,\"menuName\":\"删除\",\"menuType\":\"F\",\"path\":\"\",\"component\":\"\",\"perms\":\"note:category:delete\",\"status\":\"0\"}]', '{\"code\":200,\"msg\":\"新增菜单权限表成功！\",\"data\":1}', NULL, '0', 'admin', '2023-04-03 13:55:00');
INSERT INTO `sys_log` VALUES (29, '更新角色', 'com.xiaohai.system.controller.RoleController.update', 'PUT', 'http://localhost:8089/api/system/role', '127.0.0.1', NULL, NULL, '[{\"id\":1,\"code\":\"admin\",\"name\":\"管理员\",\"remarks\":\"可以管理所有东西\",\"status\":\"0\",\"menuIds\":[41,42,43,44,45,46,47,48,49,50,51,6,7,8,1,3,13,10,11,12,31,39,40,4,14,15,16,17,2,18,19,20,21,5,22,23,25,24,30,35,36,37,38,9,26,27,28,29,32,33,34]}]', '{\"code\":200,\"msg\":\"更新角色表成功！\",\"data\":1}', NULL, '0', 'admin', '2023-04-03 13:55:38');
INSERT INTO `sys_log` VALUES (30, '登录', 'com.xiaohai.system.controller.LoginController.login', 'POST', 'http://localhost:8089/api/login', '127.0.0.1', NULL, NULL, '[{\"username\":\"admin\",\"password\":\"123456\",\"rememberMe\":false}]', '{\"code\":200,\"msg\":\"登录成功！\",\"data\":\"21a92721-7929-49c4-8cdb-fc124ccc78e9\"}', NULL, '0', 'admin', '2023-04-03 15:36:54');
INSERT INTO `sys_log` VALUES (31, '登录', 'com.xiaohai.system.controller.LoginController.login', 'POST', 'http://localhost:8089/api/login', '127.0.0.1', NULL, NULL, '[{\"username\":\"admin\",\"password\":\"123456\",\"rememberMe\":false}]', '{\"code\":200,\"msg\":\"登录成功！\",\"data\":\"dfefc757-130e-4780-98a2-0f922fbdb553\"}', NULL, '0', 'admin', '2023-04-03 16:37:18');
INSERT INTO `sys_log` VALUES (32, '新增分类', 'com.xiaohai.note.controller.CategoryController.add', 'POST', 'http://localhost:8089/api/note/category', '127.0.0.1', NULL, NULL, '[{\"name\":\"技术类\",\"sort\":0,\"status\":\"0\"}]', '{\"code\":200,\"msg\":\"新增分类成功！\",\"data\":1}', NULL, '0', 'admin', '2023-04-03 17:02:19');
INSERT INTO `sys_log` VALUES (33, '更新分类', 'com.xiaohai.note.controller.CategoryController.update', 'PUT', 'http://localhost:8089/api/note/category', '127.0.0.1', NULL, NULL, '[{\"id\":1,\"name\":\"技术类\",\"sort\":0,\"status\":\"1\"}]', '{\"code\":200,\"msg\":\"更新分类成功！\",\"data\":1}', NULL, '0', 'admin', '2023-04-03 17:02:30');
INSERT INTO `sys_log` VALUES (34, '更新分类', 'com.xiaohai.note.controller.CategoryController.update', 'PUT', 'http://localhost:8089/api/note/category', '127.0.0.1', NULL, NULL, '[{\"id\":1,\"name\":\"技术类\",\"sort\":0,\"status\":\"0\"}]', '{\"code\":200,\"msg\":\"更新分类成功！\",\"data\":1}', NULL, '0', 'admin', '2023-04-03 17:02:33');
INSERT INTO `sys_log` VALUES (35, '新增分类', 'com.xiaohai.note.controller.CategoryController.add', 'POST', 'http://localhost:8089/api/note/category', '127.0.0.1', NULL, NULL, '[{\"name\":\"资源类\",\"sort\":0,\"status\":\"0\"}]', '{\"code\":200,\"msg\":\"新增分类成功！\",\"data\":1}', NULL, '0', 'admin', '2023-04-03 17:02:54');
INSERT INTO `sys_log` VALUES (36, '更新分类', 'com.xiaohai.note.controller.CategoryController.update', 'PUT', 'http://localhost:8089/api/note/category', '127.0.0.1', NULL, NULL, '[{\"id\":1,\"name\":\"技术类\",\"sort\":1,\"status\":\"0\"}]', '{\"code\":200,\"msg\":\"更新分类成功！\",\"data\":1}', NULL, '0', 'admin', '2023-04-03 17:02:58');
INSERT INTO `sys_log` VALUES (37, '更新分类', 'com.xiaohai.note.controller.CategoryController.update', 'PUT', 'http://localhost:8089/api/note/category', '127.0.0.1', NULL, NULL, '[{\"id\":1,\"name\":\"技术类\",\"sort\":0,\"status\":\"0\"}]', '{\"code\":200,\"msg\":\"更新分类成功！\",\"data\":1}', NULL, '0', 'admin', '2023-04-03 17:04:10');
INSERT INTO `sys_log` VALUES (38, '更新分类', 'com.xiaohai.note.controller.CategoryController.update', 'PUT', 'http://localhost:8089/api/note/category', '127.0.0.1', NULL, NULL, '[{\"id\":2,\"name\":\"资源类\",\"sort\":1,\"status\":\"0\"}]', '{\"code\":200,\"msg\":\"更新分类成功！\",\"data\":1}', NULL, '0', 'admin', '2023-04-03 17:04:13');
INSERT INTO `sys_log` VALUES (39, '更新分类', 'com.xiaohai.note.controller.CategoryController.update', 'PUT', 'http://localhost:8089/api/note/category', '127.0.0.1', NULL, NULL, '[{\"id\":2,\"name\":\"资源类\",\"sort\":1,\"status\":\"0\"}]', '{\"code\":200,\"msg\":\"更新分类成功！\",\"data\":1}', NULL, '0', 'admin', '2023-04-03 17:04:19');
INSERT INTO `sys_log` VALUES (40, '更新分类', 'com.xiaohai.note.controller.CategoryController.update', 'PUT', 'http://localhost:8089/api/note/category', '127.0.0.1', NULL, NULL, '[{\"id\":2,\"name\":\"资源类\",\"sort\":2,\"status\":\"0\"}]', '{\"code\":200,\"msg\":\"更新分类成功！\",\"data\":1}', NULL, '0', 'admin', '2023-04-03 17:05:25');
INSERT INTO `sys_log` VALUES (41, '更新分类', 'com.xiaohai.note.controller.CategoryController.update', 'PUT', 'http://localhost:8089/api/note/category', '127.0.0.1', NULL, NULL, '[{\"id\":2,\"name\":\"资源类\",\"sort\":0,\"status\":\"0\"}]', '{\"code\":200,\"msg\":\"更新分类成功！\",\"data\":1}', NULL, '0', 'admin', '2023-04-03 17:05:30');
INSERT INTO `sys_log` VALUES (42, '更新分类', 'com.xiaohai.note.controller.CategoryController.update', 'PUT', 'http://localhost:8089/api/note/category', '127.0.0.1', NULL, NULL, '[{\"id\":2,\"name\":\"资源类\",\"sort\":2,\"status\":\"0\"}]', '{\"code\":200,\"msg\":\"更新分类成功！\",\"data\":1}', NULL, '0', 'admin', '2023-04-03 17:05:33');
INSERT INTO `sys_log` VALUES (43, '登录', 'com.xiaohai.system.controller.LoginController.login', 'POST', 'http://localhost:8089/api/login', '127.0.0.1', NULL, NULL, '[{\"username\":\"admin\",\"password\":\"123456\",\"rememberMe\":false}]', '{\"code\":200,\"msg\":\"登录成功！\",\"data\":\"1e854de9-6209-41ee-b10e-9927823c33d7\"}', NULL, '0', 'admin', '2023-04-04 09:35:14');
INSERT INTO `sys_log` VALUES (44, '登录', 'com.xiaohai.system.controller.LoginController.login', 'POST', 'http://localhost:8089/api/login', '127.0.0.1', NULL, NULL, '[{\"username\":\"admin\",\"password\":\"123456\",\"rememberMe\":false}]', '{\"code\":200,\"msg\":\"登录成功！\",\"data\":\"acd2500a-ff10-4435-8f97-53f3ac14b24f\"}', NULL, '0', 'admin', '2023-04-04 09:35:20');
INSERT INTO `sys_log` VALUES (45, '登录', 'com.xiaohai.system.controller.LoginController.login', 'POST', 'http://localhost:8089/api/login', '127.0.0.1', NULL, NULL, '[{\"username\":\"admin\",\"password\":\"123456\",\"rememberMe\":false}]', '{\"code\":200,\"msg\":\"登录成功！\",\"data\":\"21e4a13f-b81c-4678-b6ff-67d1d8ba75ce\"}', NULL, '0', 'admin', '2023-04-04 09:35:27');
INSERT INTO `sys_log` VALUES (46, '更新菜单权限', 'com.xiaohai.system.controller.MenuController.update', 'PUT', 'http://localhost:8089/api/system/menu', '127.0.0.1', NULL, NULL, '[{\"id\":1,\"parentId\":0,\"icon\":\"el-icon-s-tools\",\"menuSort\":1,\"menuName\":\"系统管理\",\"menuType\":\"M\",\"path\":\"system\",\"component\":\"\",\"perms\":\"\",\"status\":\"0\"}]', '{\"code\":200,\"msg\":\"更新菜单权限表成功！\",\"data\":1}', NULL, '0', 'admin', '2023-04-04 09:36:38');
INSERT INTO `sys_log` VALUES (47, '更新菜单权限', 'com.xiaohai.system.controller.MenuController.update', 'PUT', 'http://localhost:8089/api/system/menu', '127.0.0.1', NULL, NULL, '[{\"id\":6,\"parentId\":0,\"icon\":\"el-icon-cpu\",\"menuSort\":2,\"menuName\":\"系统监控\",\"menuType\":\"M\",\"path\":\"monitor\",\"component\":\"\",\"perms\":\"\",\"status\":\"0\"}]', '{\"code\":200,\"msg\":\"更新菜单权限表成功！\",\"data\":1}', NULL, '0', 'admin', '2023-04-04 09:36:48');
INSERT INTO `sys_log` VALUES (48, '新增标签', 'com.xiaohai.note.controller.TagsController.add', 'POST', 'http://localhost:8089/api/note/tags', '127.0.0.1', NULL, NULL, '[{\"name\":\"Java\",\"sort\":0,\"status\":\"0\"}]', '{\"code\":200,\"msg\":\"新增标签成功！\",\"data\":1}', NULL, '0', 'admin', '2023-04-04 09:44:14');
INSERT INTO `sys_log` VALUES (49, '新增标签', 'com.xiaohai.note.controller.TagsController.add', 'POST', 'http://localhost:8089/api/note/tags', '127.0.0.1', NULL, NULL, '[{\"name\":\"Linux\",\"sort\":1,\"status\":\"0\"}]', '{\"code\":200,\"msg\":\"新增标签成功！\",\"data\":1}', NULL, '0', 'admin', '2023-04-04 09:44:22');
INSERT INTO `sys_log` VALUES (50, '登录', 'com.xiaohai.system.controller.LoginController.login', 'POST', 'http://localhost:8089/api/login', '127.0.0.1', NULL, NULL, '[{\"username\":\"admin\",\"password\":\"123456\",\"rememberMe\":false}]', '{\"code\":200,\"msg\":\"登录成功！\",\"data\":\"1b6d19e6-829a-4955-8951-7716ba95913a\"}', NULL, '0', 'admin', '2023-04-04 10:41:07');
INSERT INTO `sys_log` VALUES (51, '登录', 'com.xiaohai.system.controller.LoginController.login', 'POST', 'http://localhost:8089/api/login', '127.0.0.1', NULL, NULL, '[{\"username\":\"admin\",\"password\":\"123456\",\"rememberMe\":false}]', '{\"code\":200,\"msg\":\"登录成功！\",\"data\":\"b525d894-e904-4e6e-a766-16576ba80e52\"}', NULL, '0', 'admin', '2023-04-04 14:24:05');
INSERT INTO `sys_log` VALUES (52, '新增菜单权限', 'com.xiaohai.system.controller.MenuController.add', 'POST', 'http://localhost:8089/api/system/menu', '127.0.0.1', NULL, NULL, '[{\"parentId\":41,\"icon\":\"el-icon-document\",\"menuSort\":0,\"menuName\":\"文章管理\",\"menuType\":\"C\",\"path\":\"article\",\"component\":\"\",\"perms\":\"\",\"status\":\"0\"}]', '{\"code\":200,\"msg\":\"新增菜单权限表成功！\",\"data\":1}', NULL, '0', 'admin', '2023-04-04 14:26:20');
INSERT INTO `sys_log` VALUES (53, '更新菜单权限', 'com.xiaohai.system.controller.MenuController.update', 'PUT', 'http://localhost:8089/api/system/menu', '127.0.0.1', NULL, NULL, '[{\"id\":52,\"parentId\":41,\"icon\":\"el-icon-document\",\"menuSort\":0,\"menuName\":\"文章管理\",\"menuType\":\"C\",\"path\":\"article\",\"component\":\"note/article/index\",\"perms\":\"\",\"status\":\"0\"}]', '{\"code\":200,\"msg\":\"更新菜单权限表成功！\",\"data\":1}', NULL, '0', 'admin', '2023-04-04 14:26:52');
INSERT INTO `sys_log` VALUES (54, '更新菜单权限', 'com.xiaohai.system.controller.MenuController.update', 'PUT', 'http://localhost:8089/api/system/menu', '127.0.0.1', NULL, NULL, '[{\"id\":42,\"parentId\":41,\"icon\":\"el-icon-collection-tag\",\"menuSort\":1,\"menuName\":\"标签管理\",\"menuType\":\"C\",\"path\":\"tags\",\"component\":\"note/tags/index\",\"perms\":\"\",\"status\":\"0\"}]', '{\"code\":200,\"msg\":\"更新菜单权限表成功！\",\"data\":1}', NULL, '0', 'admin', '2023-04-04 14:27:01');
INSERT INTO `sys_log` VALUES (55, '更新菜单权限', 'com.xiaohai.system.controller.MenuController.update', 'PUT', 'http://localhost:8089/api/system/menu', '127.0.0.1', NULL, NULL, '[{\"id\":47,\"parentId\":41,\"icon\":\"el-icon-price-tag\",\"menuSort\":2,\"menuName\":\"分类管理\",\"menuType\":\"C\",\"path\":\"category\",\"component\":\"note/category/index\",\"perms\":\"\",\"status\":\"0\"}]', '{\"code\":200,\"msg\":\"更新菜单权限表成功！\",\"data\":1}', NULL, '0', 'admin', '2023-04-04 14:27:05');
INSERT INTO `sys_log` VALUES (56, '更新角色', 'com.xiaohai.system.controller.RoleController.update', 'PUT', 'http://localhost:8089/api/system/role', '127.0.0.1', NULL, NULL, '[{\"id\":1,\"code\":\"admin\",\"name\":\"管理员\",\"remarks\":\"可以管理所有东西\",\"status\":\"0\",\"menuIds\":[41,52,42,43,44,45,46,47,48,49,50,51,1,3,13,10,11,12,4,14,15,16,17,31,39,40,2,18,19,20,21,5,22,23,25,24,30,9,26,27,28,29,35,36,37,38,6,7,8,32,33,34]}]', '{\"code\":200,\"msg\":\"更新角色表成功！\",\"data\":1}', NULL, '0', 'admin', '2023-04-04 14:27:53');
INSERT INTO `sys_log` VALUES (57, '新增菜单权限', 'com.xiaohai.system.controller.MenuController.add', 'POST', 'http://localhost:8089/api/system/menu', '127.0.0.1', NULL, NULL, '[{\"parentId\":52,\"icon\":\"\",\"menuSort\":0,\"menuName\":\"列表\",\"menuType\":\"F\",\"path\":\"\",\"component\":\"\",\"perms\":\"note:article:list\",\"status\":\"0\"}]', '{\"code\":200,\"msg\":\"新增菜单权限表成功！\",\"data\":1}', NULL, '0', 'admin', '2023-04-04 14:33:19');
INSERT INTO `sys_log` VALUES (58, '新增菜单权限', 'com.xiaohai.system.controller.MenuController.add', 'POST', 'http://localhost:8089/api/system/menu', '127.0.0.1', NULL, NULL, '[{\"parentId\":52,\"icon\":\"\",\"menuSort\":1,\"menuName\":\"新增\",\"menuType\":\"F\",\"path\":\"\",\"component\":\"\",\"perms\":\"note:article:add\",\"status\":\"0\"}]', '{\"code\":200,\"msg\":\"新增菜单权限表成功！\",\"data\":1}', NULL, '0', 'admin', '2023-04-04 14:33:59');
INSERT INTO `sys_log` VALUES (59, '新增菜单权限', 'com.xiaohai.system.controller.MenuController.add', 'POST', 'http://localhost:8089/api/system/menu', '127.0.0.1', NULL, NULL, '[{\"parentId\":52,\"icon\":\"\",\"menuSort\":2,\"menuName\":\"更新\",\"menuType\":\"F\",\"path\":\"\",\"component\":\"\",\"perms\":\"note:article:update\",\"status\":\"0\"}]', '{\"code\":200,\"msg\":\"新增菜单权限表成功！\",\"data\":1}', NULL, '0', 'admin', '2023-04-04 14:34:15');
INSERT INTO `sys_log` VALUES (60, '新增菜单权限', 'com.xiaohai.system.controller.MenuController.add', 'POST', 'http://localhost:8089/api/system/menu', '127.0.0.1', NULL, NULL, '[{\"parentId\":52,\"icon\":\"\",\"menuSort\":3,\"menuName\":\"删除\",\"menuType\":\"F\",\"path\":\"\",\"component\":\"\",\"perms\":\"note:article:delete\",\"status\":\"0\"}]', '{\"code\":200,\"msg\":\"新增菜单权限表成功！\",\"data\":1}', NULL, '0', 'admin', '2023-04-04 14:34:45');
INSERT INTO `sys_log` VALUES (61, '登录', 'com.xiaohai.system.controller.LoginController.login', 'POST', 'http://localhost:8089/api/login', '127.0.0.1', NULL, NULL, '[{\"username\":\"admin\",\"password\":\"123456\",\"rememberMe\":false}]', '{\"code\":200,\"msg\":\"登录成功！\",\"data\":\"ef6e6980-6bf6-40b9-a8bf-ba28362f92b5\"}', NULL, '0', 'admin', '2023-04-04 17:09:52');
INSERT INTO `sys_log` VALUES (62, '登录', 'com.xiaohai.system.controller.LoginController.login', 'POST', 'http://localhost:8089/api/login', '127.0.0.1', NULL, NULL, '[{\"username\":\"admin\",\"password\":\"123456\",\"rememberMe\":false}]', '{\"code\":200,\"msg\":\"登录成功！\",\"data\":\"889d376e-6c58-4ab5-b406-68719b220789\"}', NULL, '0', 'admin', '2023-04-06 10:32:32');
INSERT INTO `sys_log` VALUES (63, '登录', 'com.xiaohai.system.controller.LoginController.login', 'POST', 'http://172.16.100.46:8089/api/login', '172.16.100.46', NULL, NULL, '[{\"username\":\"admin\",\"password\":\"123456\",\"rememberMe\":false}]', '{\"code\":200,\"msg\":\"登录成功！\",\"data\":\"34907dc0-04b0-49d9-a23f-d49f8ad5fe5d\"}', NULL, '0', 'admin', '2023-04-06 11:51:18');
INSERT INTO `sys_log` VALUES (64, '登录', 'com.xiaohai.system.controller.LoginController.login', 'POST', 'http://172.16.100.46:8089/api/login', '172.16.100.46', NULL, NULL, '[{\"username\":\"admin\",\"password\":\"123456\",\"rememberMe\":false}]', '{\"code\":200,\"msg\":\"登录成功！\",\"data\":\"df96bfe8-5ef4-486d-8989-dfa727472ee2\"}', NULL, '0', 'admin', '2023-04-06 13:03:42');
INSERT INTO `sys_log` VALUES (65, '登录', 'com.xiaohai.system.controller.LoginController.login', 'POST', 'http://localhost:8089/api/login', '127.0.0.1', NULL, NULL, '[{\"username\":\"admin\",\"password\":\"123456\",\"rememberMe\":false}]', '{\"code\":200,\"msg\":\"登录成功！\",\"data\":\"158a801e-3b88-41d0-8512-f695986aa6f4\"}', NULL, '0', 'admin', '2023-04-06 13:11:07');
INSERT INTO `sys_log` VALUES (66, '更新角色', 'com.xiaohai.system.controller.RoleController.update', 'PUT', 'http://localhost:8089/api/system/role', '127.0.0.1', NULL, NULL, '[{\"id\":1,\"code\":\"admin\",\"name\":\"管理员\",\"remarks\":\"可以管理所有东西\",\"status\":\"0\",\"menuIds\":[41,52,53,54,55,56,42,43,44,45,46,47,48,49,50,51,1,3,13,10,11,12,4,14,15,16,17,31,39,40,2,18,19,20,21,5,22,23,25,24,30,9,26,27,28,29,35,36,37,38,6,7,8,32,33,34]}]', '{\"code\":200,\"msg\":\"更新角色表成功！\",\"data\":1}', NULL, '0', 'admin', '2023-04-06 13:21:51');
INSERT INTO `sys_log` VALUES (67, '登录', 'com.xiaohai.system.controller.LoginController.login', 'POST', 'http://localhost:8089/api/login', '127.0.0.1', NULL, NULL, '[{\"username\":\"admin\",\"password\":\"123456\",\"rememberMe\":false}]', '{\"code\":200,\"msg\":\"登录成功！\",\"data\":\"433a1a70-79e2-4008-a4b8-40e2d02d1ff3\"}', NULL, '0', 'admin', '2023-04-06 15:35:08');
INSERT INTO `sys_log` VALUES (68, '更新用户', 'com.xiaohai.system.controller.UserController.update', 'PUT', 'http://localhost:8089/api/system/user', '127.0.0.1', NULL, NULL, '[{\"id\":2,\"username\":\"user\",\"nickName\":\"普通用户\",\"gender\":\"2\",\"avatar\":\"\",\"status\":\"0\",\"roleIds\":[2,1]}]', '{\"code\":200,\"msg\":\"更新用户表成功！\",\"data\":1}', NULL, '0', 'admin', '2023-04-06 16:00:30');
INSERT INTO `sys_log` VALUES (69, '更新用户', 'com.xiaohai.system.controller.UserController.update', 'PUT', 'http://localhost:8089/api/system/user', '127.0.0.1', NULL, NULL, '[{\"id\":2,\"username\":\"user\",\"nickName\":\"普通用户\",\"gender\":\"2\",\"avatar\":\"\",\"status\":\"0\",\"roleIds\":[2]}]', '{\"code\":200,\"msg\":\"更新用户表成功！\",\"data\":1}', NULL, '0', 'admin', '2023-04-06 16:00:42');
INSERT INTO `sys_log` VALUES (70, '更新菜单权限', 'com.xiaohai.system.controller.MenuController.update', 'PUT', 'http://localhost:8089/api/system/menu', '127.0.0.1', NULL, NULL, '[{\"id\":52,\"parentId\":0,\"icon\":\"el-icon-document\",\"menuSort\":0,\"menuName\":\"文章中心\",\"menuType\":\"C\",\"path\":\"article\",\"component\":\"note/article/index\",\"perms\":\"\",\"status\":\"0\"}]', '{\"code\":200,\"msg\":\"更新菜单权限表成功！\",\"data\":1}', NULL, '0', 'admin', '2023-04-06 16:04:01');
INSERT INTO `sys_log` VALUES (71, '更新菜单权限', 'com.xiaohai.system.controller.MenuController.update', 'PUT', 'http://localhost:8089/api/system/menu', '127.0.0.1', NULL, NULL, '[{\"id\":52,\"parentId\":41,\"icon\":\"el-icon-document\",\"menuSort\":0,\"menuName\":\"文章中心\",\"menuType\":\"C\",\"path\":\"article\",\"component\":\"note/article/index\",\"perms\":\"\",\"status\":\"0\"}]', '{\"code\":200,\"msg\":\"更新菜单权限表成功！\",\"data\":1}', NULL, '0', 'admin', '2023-04-06 16:04:26');
INSERT INTO `sys_log` VALUES (72, '登录', 'com.xiaohai.system.controller.LoginController.login', 'POST', 'http://localhost:8089/api/login', '127.0.0.1', NULL, NULL, '[{\"username\":\"admin\",\"password\":\"123456\",\"rememberMe\":false}]', '{\"code\":200,\"msg\":\"登录成功！\",\"data\":\"847be88a-b28c-43db-808c-af8e218ca2ab\"}', NULL, '0', 'admin', '2023-04-06 16:37:24');
INSERT INTO `sys_log` VALUES (73, '获取随机图片(必应)', 'com.xiaohai.note.controller.ArticleController.wallpaper', 'GET', 'http://localhost:8089/api/note/article/bing-wallpaper', '127.0.0.1', NULL, NULL, '[]', '{\"code\":200,\"msg\":\"获取随机图片必应成功！\",\"data\":\"/image/1/20230330.jpg\"}', NULL, '0', 'admin', '2023-04-06 16:44:11');
INSERT INTO `sys_log` VALUES (74, '获取随机图片(必应)', 'com.xiaohai.note.controller.ArticleController.wallpaper', 'GET', 'http://localhost:8089/api/note/article/bing-wallpaper', '127.0.0.1', NULL, NULL, '[]', '{\"code\":200,\"msg\":\"获取随机图片必应成功！\",\"data\":\"/image/1/20230405.jpg\"}', NULL, '0', 'admin', '2023-04-06 16:57:44');
INSERT INTO `sys_log` VALUES (75, '新增菜单权限', 'com.xiaohai.system.controller.MenuController.add', 'POST', 'http://localhost:8089/api/system/menu', '127.0.0.1', NULL, NULL, '[{\"parentId\":41,\"icon\":\"el-icon-edit\",\"menuSort\":0,\"menuName\":\"写作\",\"menuType\":\"C\",\"path\":\"a\",\"component\":\"\",\"perms\":\"\",\"status\":\"0\"}]', '{\"code\":200,\"msg\":\"新增菜单权限表成功！\",\"data\":1}', NULL, '0', 'admin', '2023-04-06 17:36:31');
INSERT INTO `sys_log` VALUES (76, '更新菜单权限', 'com.xiaohai.system.controller.MenuController.update', 'PUT', 'http://localhost:8089/api/system/menu', '127.0.0.1', NULL, NULL, '[{\"id\":57,\"parentId\":41,\"icon\":\"el-icon-edit\",\"menuSort\":0,\"menuName\":\"写作\",\"menuType\":\"C\",\"path\":\"edit:/\",\"component\":\"note/edit/index\",\"perms\":\"\",\"status\":\"0\"}]', '{\"code\":200,\"msg\":\"更新菜单权限表成功！\",\"data\":1}', NULL, '0', 'admin', '2023-04-06 17:37:19');
INSERT INTO `sys_log` VALUES (77, '登录', 'com.xiaohai.system.controller.LoginController.login', 'POST', 'http://localhost:8089/api/login', '127.0.0.1', NULL, NULL, '[{\"username\":\"admin\",\"password\":\"123456\",\"rememberMe\":false}]', '{\"code\":200,\"msg\":\"登录成功！\",\"data\":\"6c64a175-2606-42b8-9cd7-eb2afdf32cc1\"}', NULL, '0', 'admin', '2023-04-06 17:37:28');
INSERT INTO `sys_log` VALUES (78, '更新菜单权限', 'com.xiaohai.system.controller.MenuController.update', 'PUT', 'http://localhost:8089/api/system/menu', '127.0.0.1', NULL, NULL, '[{\"id\":57,\"parentId\":41,\"icon\":\"el-icon-edit\",\"menuSort\":0,\"menuName\":\"写作\",\"menuType\":\"C\",\"path\":\"edit\",\"component\":\"note/edit/index\",\"perms\":\"\",\"status\":\"0\"}]', '{\"code\":200,\"msg\":\"更新菜单权限表成功！\",\"data\":1}', NULL, '0', 'admin', '2023-04-06 17:37:38');
INSERT INTO `sys_log` VALUES (79, '更新角色', 'com.xiaohai.system.controller.RoleController.update', 'PUT', 'http://localhost:8089/api/system/role', '127.0.0.1', NULL, NULL, '[{\"id\":1,\"code\":\"admin\",\"name\":\"管理员\",\"remarks\":\"可以管理所有东西\",\"status\":\"0\",\"menuIds\":[41,52,53,54,55,56,57,42,43,44,45,46,47,48,49,50,51,1,3,13,10,11,12,31,39,40,4,14,15,16,17,2,18,19,20,21,5,22,23,25,24,30,9,26,27,28,29,35,36,37,38,6,7,8,32,33,34]}]', '{\"code\":200,\"msg\":\"更新角色表成功！\",\"data\":1}', NULL, '0', 'admin', '2023-04-06 17:39:10');
INSERT INTO `sys_log` VALUES (80, '获取随机图片(必应)', 'com.xiaohai.note.controller.ArticleController.wallpaper', 'GET', 'http://localhost:8089/api/note/article/bing-wallpaper', '127.0.0.1', NULL, NULL, '[]', '{\"code\":200,\"msg\":\"获取随机图片必应成功！\",\"data\":\"/image/1/20230401.jpg\"}', NULL, '0', 'admin', '2023-04-06 17:42:23');
INSERT INTO `sys_log` VALUES (81, '登录', 'com.xiaohai.system.controller.LoginController.login', 'POST', 'http://localhost:8089/api/login', '127.0.0.1', NULL, NULL, '[{\"username\":\"admin\",\"password\":\"123456\",\"rememberMe\":false}]', '{\"code\":200,\"msg\":\"登录成功！\",\"data\":\"78e89227-d08b-4641-8c92-77c88b41c427\"}', NULL, '0', 'admin', '2023-04-07 10:59:43');
INSERT INTO `sys_log` VALUES (82, '更新菜单权限', 'com.xiaohai.system.controller.MenuController.update', 'PUT', 'http://localhost:8089/api/system/menu', '127.0.0.1', NULL, NULL, '[{\"id\":57,\"parentId\":41,\"icon\":\"el-icon-edit\",\"menuSort\":0,\"menuName\":\"写作中心\",\"menuType\":\"C\",\"path\":\"edit\",\"component\":\"note/edit/index\",\"perms\":\"\",\"status\":\"0\"}]', '{\"code\":200,\"msg\":\"更新菜单权限表成功！\",\"data\":1}', NULL, '0', 'admin', '2023-04-07 11:00:15');
INSERT INTO `sys_log` VALUES (83, '更新菜单权限', 'com.xiaohai.system.controller.MenuController.update', 'PUT', 'http://localhost:8089/api/system/menu', '127.0.0.1', NULL, NULL, '[{\"id\":57,\"parentId\":41,\"icon\":\"el-icon-edit\",\"menuSort\":0,\"menuName\":\"写作中心\",\"menuType\":\"C\",\"path\":\"edit\",\"component\":\"note/edit/index\",\"perms\":\"\",\"status\":\"0\"}]', '{\"code\":200,\"msg\":\"更新菜单权限表成功！\",\"data\":1}', NULL, '0', 'admin', '2023-04-07 11:00:20');
INSERT INTO `sys_log` VALUES (84, '更新菜单权限', 'com.xiaohai.system.controller.MenuController.update', 'PUT', 'http://localhost:8089/api/system/menu', '127.0.0.1', NULL, NULL, '[{\"id\":52,\"parentId\":41,\"icon\":\"el-icon-document\",\"menuSort\":1,\"menuName\":\"文章中心\",\"menuType\":\"C\",\"path\":\"article\",\"component\":\"note/article/index\",\"perms\":\"\",\"status\":\"0\"}]', '{\"code\":200,\"msg\":\"更新菜单权限表成功！\",\"data\":1}', NULL, '0', 'admin', '2023-04-07 11:00:24');
INSERT INTO `sys_log` VALUES (85, '更新菜单权限', 'com.xiaohai.system.controller.MenuController.update', 'PUT', 'http://localhost:8089/api/system/menu', '127.0.0.1', NULL, NULL, '[{\"id\":42,\"parentId\":41,\"icon\":\"el-icon-collection-tag\",\"menuSort\":2,\"menuName\":\"标签管理\",\"menuType\":\"C\",\"path\":\"tags\",\"component\":\"note/tags/index\",\"perms\":\"\",\"status\":\"0\"}]', '{\"code\":200,\"msg\":\"更新菜单权限表成功！\",\"data\":1}', NULL, '0', 'admin', '2023-04-07 11:00:29');
INSERT INTO `sys_log` VALUES (86, '更新菜单权限', 'com.xiaohai.system.controller.MenuController.update', 'PUT', 'http://localhost:8089/api/system/menu', '127.0.0.1', NULL, NULL, '[{\"id\":47,\"parentId\":41,\"icon\":\"el-icon-price-tag\",\"menuSort\":3,\"menuName\":\"分类管理\",\"menuType\":\"C\",\"path\":\"category\",\"component\":\"note/category/index\",\"perms\":\"\",\"status\":\"0\"}]', '{\"code\":200,\"msg\":\"更新菜单权限表成功！\",\"data\":1}', NULL, '0', 'admin', '2023-04-07 11:00:36');
INSERT INTO `sys_log` VALUES (87, '登录', 'com.xiaohai.system.controller.LoginController.login', 'POST', 'http://localhost:8089/api/login', '127.0.0.1', NULL, NULL, '[{\"username\":\"admin\",\"password\":\"123456\",\"rememberMe\":false}]', '{\"code\":200,\"msg\":\"登录成功！\",\"data\":\"b22c4408-df6a-4480-93aa-5660c4cbf90e\"}', NULL, '0', 'admin', '2023-04-07 11:26:41');
INSERT INTO `sys_log` VALUES (88, '登录', 'com.xiaohai.system.controller.LoginController.login', 'POST', 'http://localhost:8089/api/login', '127.0.0.1', NULL, NULL, '[{\"username\":\"admin\",\"password\":\"123456\",\"rememberMe\":false}]', '{\"code\":200,\"msg\":\"登录成功！\",\"data\":\"378b6ff5-dd59-4b1d-874b-c6070deb3961\"}', NULL, '0', 'admin', '2023-04-07 12:31:43');
INSERT INTO `sys_log` VALUES (89, '获取随机图片(必应)', 'com.xiaohai.note.controller.ArticleController.wallpaper', 'GET', 'http://localhost:8089/api/note/article/bing-wallpaper', '127.0.0.1', NULL, NULL, '[]', '{\"code\":200,\"msg\":\"获取随机图片成功！\",\"data\":\"/image/1/20230404.jpg\"}', NULL, '0', 'admin', '2023-04-07 12:32:48');
INSERT INTO `sys_log` VALUES (90, '获取随机图片(必应)', 'com.xiaohai.note.controller.ArticleController.wallpaper', 'GET', 'http://localhost:8089/api/note/article/bing-wallpaper', '127.0.0.1', NULL, NULL, '[]', '{\"code\":200,\"msg\":\"获取随机图片成功！\",\"data\":\"/image/1/20230406.jpg\"}', NULL, '0', 'admin', '2023-04-07 12:39:13');
INSERT INTO `sys_log` VALUES (91, '登录', 'com.xiaohai.system.controller.LoginController.login', 'POST', 'http://localhost:8089/api/login', '127.0.0.1', NULL, NULL, '[{\"username\":\"admin\",\"password\":\"123456\",\"rememberMe\":false}]', '{\"code\":200,\"msg\":\"登录成功！\",\"data\":\"db3f06df-9ab8-4877-8aab-c4257e0eb5d4\"}', NULL, '0', 'admin', '2023-04-07 13:43:48');
INSERT INTO `sys_log` VALUES (92, '获取随机图片(必应)', 'com.xiaohai.note.controller.ArticleController.wallpaper', 'GET', 'http://localhost:8089/api/note/article/bing-wallpaper', '127.0.0.1', NULL, NULL, '[]', '{\"code\":200,\"msg\":\"获取随机图片成功！\",\"data\":\"/image/1/20230403.jpg\"}', NULL, '0', 'admin', '2023-04-07 14:09:46');
INSERT INTO `sys_log` VALUES (93, '新增文章', 'com.xiaohai.note.controller.ArticleController.add', 'POST', 'http://localhost:8089/api/note/article', '127.0.0.1', NULL, NULL, '[{\"title\":\"fff\",\"categoryId\":1,\"tags\":[1],\"cover\":\"\",\"isTop\":0,\"isPush\":0,\"isOriginal\":1,\"originalUrl\":\"\",\"text\":\"\"}]', NULL, 'class java.lang.String cannot be cast to class java.lang.Integer (java.lang.String and java.lang.Integer are in module java.base of loader \'bootstrap\')', '1', 'admin', '2023-04-07 14:17:08');
INSERT INTO `sys_log` VALUES (94, '新增文章', 'com.xiaohai.note.controller.ArticleController.add', 'POST', 'http://localhost:8089/api/note/article', '127.0.0.1', NULL, NULL, '[{\"title\":\"g\",\"categoryId\":1,\"tags\":[1],\"cover\":\"\",\"isTop\":0,\"isPush\":0,\"isOriginal\":1,\"originalUrl\":\"\",\"text\":\"\"}]', NULL, 'class java.lang.String cannot be cast to class java.lang.Integer (java.lang.String and java.lang.Integer are in module java.base of loader \'bootstrap\')', '1', 'admin', '2023-04-07 14:18:14');
INSERT INTO `sys_log` VALUES (95, '新增文章', 'com.xiaohai.note.controller.ArticleController.add', 'POST', 'http://localhost:8089/api/note/article', '127.0.0.1', NULL, NULL, '[{\"title\":\"t\",\"categoryId\":1,\"tags\":[1],\"cover\":\"\",\"isTop\":0,\"isPush\":0,\"isOriginal\":1,\"originalUrl\":\"\",\"text\":\"\"}]', NULL, 'class java.lang.String cannot be cast to class java.lang.Integer (java.lang.String and java.lang.Integer are in module java.base of loader \'bootstrap\')', '1', 'admin', '2023-04-07 14:18:30');
INSERT INTO `sys_log` VALUES (96, '新增文章', 'com.xiaohai.note.controller.ArticleController.add', 'POST', 'http://localhost:8089/api/note/article', '127.0.0.1', NULL, NULL, '[{\"title\":\"u\",\"categoryId\":1,\"tags\":[1],\"cover\":\"\",\"isTop\":0,\"isPush\":0,\"isOriginal\":1,\"originalUrl\":\"\",\"text\":\"\"}]', NULL, 'class java.lang.String cannot be cast to class java.lang.Integer (java.lang.String and java.lang.Integer are in module java.base of loader \'bootstrap\')', '1', 'admin', '2023-04-07 14:19:55');
INSERT INTO `sys_log` VALUES (97, '登录', 'com.xiaohai.system.controller.LoginController.login', 'POST', 'http://localhost:8089/api/login', '127.0.0.1', NULL, NULL, '[{\"username\":\"admin\",\"password\":\"123456\",\"rememberMe\":false}]', '{\"code\":200,\"msg\":\"登录成功！\",\"data\":\"c47d6d0b-1ac1-402d-82fd-f093a883deef\"}', NULL, '0', 'admin', '2023-04-07 14:44:34');
INSERT INTO `sys_log` VALUES (98, '获取随机图片(必应)', 'com.xiaohai.note.controller.ArticleController.wallpaper', 'GET', 'http://localhost:8089/api/note/article/bing-wallpaper', '127.0.0.1', NULL, NULL, '[]', '{\"code\":200,\"msg\":\"获取随机图片成功！\",\"data\":\"/image/1/20230406.jpg\"}', NULL, '0', 'admin', '2023-04-07 15:25:46');
INSERT INTO `sys_log` VALUES (99, '新增文章', 'com.xiaohai.note.controller.ArticleController.add', 'POST', 'http://localhost:8089/api/note/article', '127.0.0.1', NULL, NULL, '[{\"title\":\"测试\",\"categoryId\":1,\"tags\":[1,2],\"cover\":\"/image/1/20230406.jpg\",\"isTop\":0,\"isPush\":1,\"isOriginal\":1,\"originalUrl\":\"\",\"text\":\"\\n啦啦啦啦啦啦啦啦啦啦啦啦\\n啦啦啦啦\\n啦啦啦啦\\n啦啦啦啦\\n啦啦啦啦啦啦啦啦啦啦啦啦\\n啦啦啦啦\\n啦啦啦啦\\n啦啦啦啦\\n啦啦啦啦啦啦啦啦啦啦啦啦\\n啦啦啦啦\\n啦啦啦啦\\n啦啦啦啦\\n啦啦啦啦啦啦啦啦啦啦啦啦\\n啦啦啦啦\\n啦啦啦啦\\n啦啦啦啦\\n啦啦啦啦啦啦啦啦啦啦啦啦\\n啦啦啦啦\\n啦啦啦啦\\n啦啦啦啦\\n啦啦啦啦啦啦啦啦啦啦啦啦\\n啦啦啦啦\\n啦啦啦啦\\n啦啦啦啦\\n啦啦啦啦啦啦啦啦啦啦啦啦\\n啦啦啦啦\\n啦啦啦啦\\n啦啦啦啦\\n啦啦啦啦啦啦啦啦啦啦啦啦\\n啦啦啦啦\\n啦啦啦啦\\n啦啦啦啦\\n\"}]', NULL, 'class java.lang.String cannot be cast to class java.lang.Integer (java.lang.String and java.lang.Integer are in module java.base of loader \'bootstrap\')', '1', 'admin', '2023-04-07 15:26:12');
INSERT INTO `sys_log` VALUES (100, '获取随机图片(必应)', 'com.xiaohai.note.controller.ArticleController.wallpaper', 'GET', 'http://localhost:8089/api/note/article/bing-wallpaper', '127.0.0.1', NULL, NULL, '[]', '{\"code\":200,\"msg\":\"获取随机图片成功！\",\"data\":\"/image/1/20230330.jpg\"}', NULL, '0', 'admin', '2023-04-07 15:27:52');
INSERT INTO `sys_log` VALUES (101, '新增文章', 'com.xiaohai.note.controller.ArticleController.add', 'POST', 'http://localhost:8089/api/note/article', '127.0.0.1', NULL, NULL, '[{\"title\":\"测试\",\"categoryId\":1,\"tags\":[1],\"cover\":\"/image/1/20230330.jpg\",\"isTop\":0,\"isPush\":0,\"isOriginal\":1,\"originalUrl\":\"\",\"text\":\"StpUtil.getLoginId()\"}]', NULL, 'class java.lang.String cannot be cast to class java.lang.Integer (java.lang.String and java.lang.Integer are in module java.base of loader \'bootstrap\')', '1', 'admin', '2023-04-07 15:28:07');
INSERT INTO `sys_log` VALUES (102, '新增文章', 'com.xiaohai.note.controller.ArticleController.add', 'POST', 'http://localhost:8089/api/note/article', '127.0.0.1', NULL, NULL, '[{\"title\":\"测试\",\"categoryId\":1,\"tags\":[1],\"cover\":\"/image/1/20230330.jpg\",\"isTop\":0,\"isPush\":0,\"isOriginal\":1,\"originalUrl\":\"\",\"text\":\"StpUtil.getLoginId()\"}]', NULL, 'class java.lang.String cannot be cast to class java.lang.Integer (java.lang.String and java.lang.Integer are in module java.base of loader \'bootstrap\')', '1', 'admin', '2023-04-07 15:30:32');
INSERT INTO `sys_log` VALUES (103, '新增文章', 'com.xiaohai.note.controller.ArticleController.add', 'POST', 'http://localhost:8089/api/note/article', '127.0.0.1', NULL, NULL, '[{\"title\":\"测试\",\"categoryId\":1,\"tags\":[1],\"cover\":\"/image/1/20230330.jpg\",\"isTop\":0,\"isPush\":0,\"isOriginal\":1,\"originalUrl\":\"\",\"text\":\"StpUtil.getLoginId()\"}]', '{\"code\":200,\"msg\":\"新增文章表成功！\",\"data\":1}', NULL, '0', 'admin', '2023-04-07 15:32:06');
INSERT INTO `sys_log` VALUES (104, '登录', 'com.xiaohai.system.controller.LoginController.login', 'POST', 'http://localhost:8089/api/login', '127.0.0.1', NULL, NULL, '[{\"username\":\"admin\",\"password\":\"123456\",\"rememberMe\":false}]', '{\"code\":200,\"msg\":\"登录成功！\",\"data\":\"84b32f62-8bdb-4238-a267-32bb422d1a31\"}', NULL, '0', 'admin', '2023-04-07 15:45:26');
INSERT INTO `sys_log` VALUES (105, '更新文章', 'com.xiaohai.note.controller.ArticleController.update', 'PUT', 'http://localhost:8089/api/note/article', '127.0.0.1', NULL, NULL, '[{\"id\":1,\"title\":\"测试\",\"categoryId\":1,\"tags\":[1],\"cover\":\"/image/1/20230330.jpg\",\"isTop\":0,\"isPush\":0,\"isOriginal\":1,\"originalUrl\":\"\",\"text\":\"StpUtil.getLoginId()\"}]', NULL, '\r\n### Error updating database.  Cause: java.sql.SQLSyntaxErrorException: Unknown column \'articleId\' in \'where clause\'\r\n### The error may exist in com/xiaohai/note/dao/ArticleTagMapper.java (best guess)\r\n### The error may involve defaultParameterMap\r\n### The error occurred while setting parameters\r\n### SQL: DELETE FROM b_article_tag     WHERE (articleId = ?)\r\n### Cause: java.sql.SQLSyntaxErrorException: Unknown column \'articleId\' in \'where clause\'\n; bad SQL grammar []; nested exception is java.sql.SQLSyntaxErrorException: Unknown column \'articleId\' in \'where clause\'', '1', 'admin', '2023-04-07 16:13:04');
INSERT INTO `sys_log` VALUES (106, '更新文章', 'com.xiaohai.note.controller.ArticleController.update', 'PUT', 'http://localhost:8089/api/note/article', '127.0.0.1', NULL, NULL, '[{\"id\":1,\"title\":\"测试\",\"categoryId\":1,\"tags\":[1],\"cover\":\"/image/1/20230330.jpg\",\"isTop\":0,\"isPush\":0,\"isOriginal\":1,\"originalUrl\":\"\",\"text\":\"StpUtil.getLoginId()\"}]', NULL, '\r\n### Error updating database.  Cause: java.sql.SQLSyntaxErrorException: Unknown column \'articleId\' in \'where clause\'\r\n### The error may exist in com/xiaohai/note/dao/ArticleTagMapper.java (best guess)\r\n### The error may involve defaultParameterMap\r\n### The error occurred while setting parameters\r\n### SQL: DELETE FROM b_article_tag     WHERE (articleId = ?)\r\n### Cause: java.sql.SQLSyntaxErrorException: Unknown column \'articleId\' in \'where clause\'\n; bad SQL grammar []; nested exception is java.sql.SQLSyntaxErrorException: Unknown column \'articleId\' in \'where clause\'', '1', 'admin', '2023-04-07 16:15:02');
INSERT INTO `sys_log` VALUES (107, '更新文章', 'com.xiaohai.note.controller.ArticleController.update', 'PUT', 'http://localhost:8089/api/note/article', '127.0.0.1', NULL, NULL, '[{\"id\":1,\"title\":\"测试\",\"categoryId\":1,\"tags\":[1],\"cover\":\"/image/1/20230330.jpg\",\"isTop\":0,\"isPush\":0,\"isOriginal\":1,\"originalUrl\":\"\",\"text\":\"StpUtil.getLoginId()\"}]', NULL, '\r\n### Error updating database.  Cause: java.sql.SQLSyntaxErrorException: Unknown column \'articleId\' in \'where clause\'\r\n### The error may exist in com/xiaohai/note/dao/ArticleTagMapper.java (best guess)\r\n### The error may involve defaultParameterMap\r\n### The error occurred while setting parameters\r\n### SQL: DELETE FROM b_article_tag     WHERE (articleId = ?)\r\n### Cause: java.sql.SQLSyntaxErrorException: Unknown column \'articleId\' in \'where clause\'\n; bad SQL grammar []; nested exception is java.sql.SQLSyntaxErrorException: Unknown column \'articleId\' in \'where clause\'', '1', 'admin', '2023-04-07 16:18:31');
INSERT INTO `sys_log` VALUES (108, '更新文章', 'com.xiaohai.note.controller.ArticleController.update', 'PUT', 'http://localhost:8089/api/note/article', '127.0.0.1', NULL, NULL, '[{\"id\":1,\"title\":\"测试\",\"categoryId\":1,\"tags\":[1],\"cover\":\"/image/1/20230330.jpg\",\"isTop\":0,\"isPush\":0,\"isOriginal\":1,\"originalUrl\":\"\",\"text\":\"StpUtil.getLoginId()\"}]', '{\"code\":200,\"msg\":\"更新文章表成功！\",\"data\":1}', NULL, '0', 'admin', '2023-04-07 16:19:18');
INSERT INTO `sys_log` VALUES (109, '更新菜单权限', 'com.xiaohai.system.controller.MenuController.update', 'PUT', 'http://localhost:8089/api/system/menu', '127.0.0.1', NULL, NULL, '[{\"id\":57,\"parentId\":41,\"icon\":\"el-icon-edit\",\"menuSort\":1,\"menuName\":\"写作中心\",\"menuType\":\"C\",\"path\":\"edit\",\"component\":\"note/edit/index\",\"perms\":\"\",\"status\":\"0\"}]', '{\"code\":200,\"msg\":\"更新菜单权限表成功！\",\"data\":1}', NULL, '0', 'admin', '2023-04-07 16:37:23');
INSERT INTO `sys_log` VALUES (110, '更新菜单权限', 'com.xiaohai.system.controller.MenuController.update', 'PUT', 'http://localhost:8089/api/system/menu', '127.0.0.1', NULL, NULL, '[{\"id\":52,\"parentId\":41,\"icon\":\"el-icon-document\",\"menuSort\":0,\"menuName\":\"文章中心\",\"menuType\":\"C\",\"path\":\"article\",\"component\":\"note/article/index\",\"perms\":\"\",\"status\":\"0\"}]', '{\"code\":200,\"msg\":\"更新菜单权限表成功！\",\"data\":1}', NULL, '0', 'admin', '2023-04-07 16:37:27');
INSERT INTO `sys_log` VALUES (111, '登录', 'com.xiaohai.system.controller.LoginController.login', 'POST', 'http://localhost:8089/api/login', '127.0.0.1', NULL, NULL, '[{\"username\":\"admin\",\"password\":\"123456\",\"rememberMe\":false}]', '{\"code\":200,\"msg\":\"登录成功！\",\"data\":\"0f51e649-b28c-4137-b468-4cf7209dfb1a\"}', NULL, '0', 'admin', '2023-04-07 16:56:48');
INSERT INTO `sys_log` VALUES (112, '获取随机图片(必应)', 'com.xiaohai.note.controller.ArticleController.wallpaper', 'GET', 'http://localhost:8089/api/note/article/bing-wallpaper', '127.0.0.1', NULL, NULL, '[]', '{\"code\":200,\"msg\":\"获取随机图片成功！\",\"data\":\"/image/1/20230403.jpg\"}', NULL, '0', 'admin', '2023-04-07 16:58:51');
INSERT INTO `sys_log` VALUES (113, '获取随机图片(必应)', 'com.xiaohai.note.controller.ArticleController.wallpaper', 'GET', 'http://localhost:8089/api/note/article/bing-wallpaper', '127.0.0.1', NULL, NULL, '[]', '{\"code\":200,\"msg\":\"获取随机图片成功！\",\"data\":\"/image/1/20230404.jpg\"}', NULL, '0', 'admin', '2023-04-07 16:59:17');
INSERT INTO `sys_log` VALUES (114, '获取随机图片(必应)', 'com.xiaohai.note.controller.ArticleController.wallpaper', 'GET', 'http://localhost:8089/api/note/article/bing-wallpaper', '127.0.0.1', NULL, NULL, '[]', '{\"code\":200,\"msg\":\"获取随机图片成功！\",\"data\":\"/image/1/20230402.jpg\"}', NULL, '0', 'admin', '2023-04-07 16:59:19');
INSERT INTO `sys_log` VALUES (115, '获取随机图片(必应)', 'com.xiaohai.note.controller.ArticleController.wallpaper', 'GET', 'http://localhost:8089/api/note/article/bing-wallpaper', '127.0.0.1', NULL, NULL, '[]', '{\"code\":200,\"msg\":\"获取随机图片成功！\",\"data\":\"/image/1/20230405.jpg\"}', NULL, '0', 'admin', '2023-04-07 16:59:20');
INSERT INTO `sys_log` VALUES (116, '获取随机图片(必应)', 'com.xiaohai.note.controller.ArticleController.wallpaper', 'GET', 'http://localhost:8089/api/note/article/bing-wallpaper', '127.0.0.1', NULL, NULL, '[]', '{\"code\":200,\"msg\":\"获取随机图片成功！\",\"data\":\"/image/1/20230404.jpg\"}', NULL, '0', 'admin', '2023-04-07 16:59:21');
INSERT INTO `sys_log` VALUES (117, '获取随机图片(必应)', 'com.xiaohai.note.controller.ArticleController.wallpaper', 'GET', 'http://localhost:8089/api/note/article/bing-wallpaper', '127.0.0.1', NULL, NULL, '[]', '{\"code\":200,\"msg\":\"获取随机图片成功！\",\"data\":\"/image/1/20230331.jpg\"}', NULL, '0', 'admin', '2023-04-07 16:59:22');
INSERT INTO `sys_log` VALUES (118, '获取随机图片(必应)', 'com.xiaohai.note.controller.ArticleController.wallpaper', 'GET', 'http://localhost:8089/api/note/article/bing-wallpaper', '127.0.0.1', NULL, NULL, '[]', '{\"code\":200,\"msg\":\"获取随机图片成功！\",\"data\":\"/image/1/20230402.jpg\"}', NULL, '0', 'admin', '2023-04-07 16:59:23');
INSERT INTO `sys_log` VALUES (119, '获取随机图片(必应)', 'com.xiaohai.note.controller.ArticleController.wallpaper', 'GET', 'http://localhost:8089/api/note/article/bing-wallpaper', '127.0.0.1', NULL, NULL, '[]', '{\"code\":200,\"msg\":\"获取随机图片成功！\",\"data\":\"/image/1/20230402.jpg\"}', NULL, '0', 'admin', '2023-04-07 16:59:24');
INSERT INTO `sys_log` VALUES (120, '获取随机图片(必应)', 'com.xiaohai.note.controller.ArticleController.wallpaper', 'GET', 'http://localhost:8089/api/note/article/bing-wallpaper', '127.0.0.1', NULL, NULL, '[]', '{\"code\":200,\"msg\":\"获取随机图片成功！\",\"data\":\"/image/1/20230402.jpg\"}', NULL, '0', 'admin', '2023-04-07 16:59:25');
INSERT INTO `sys_log` VALUES (121, '获取随机图片(必应)', 'com.xiaohai.note.controller.ArticleController.wallpaper', 'GET', 'http://localhost:8089/api/note/article/bing-wallpaper', '127.0.0.1', NULL, NULL, '[]', '{\"code\":200,\"msg\":\"获取随机图片成功！\",\"data\":\"/image/1/20230404.jpg\"}', NULL, '0', 'admin', '2023-04-07 16:59:26');
INSERT INTO `sys_log` VALUES (122, '获取随机图片(必应)', 'com.xiaohai.note.controller.ArticleController.wallpaper', 'GET', 'http://localhost:8089/api/note/article/bing-wallpaper', '127.0.0.1', NULL, NULL, '[]', '{\"code\":200,\"msg\":\"获取随机图片成功！\",\"data\":\"/image/1/20230401.jpg\"}', NULL, '0', 'admin', '2023-04-07 16:59:27');
INSERT INTO `sys_log` VALUES (123, '获取随机图片(必应)', 'com.xiaohai.note.controller.ArticleController.wallpaper', 'GET', 'http://localhost:8089/api/note/article/bing-wallpaper', '127.0.0.1', NULL, NULL, '[]', '{\"code\":200,\"msg\":\"获取随机图片成功！\",\"data\":\"/image/1/20230405.jpg\"}', NULL, '0', 'admin', '2023-04-07 17:05:03');
INSERT INTO `sys_log` VALUES (124, '获取随机图片(必应)', 'com.xiaohai.note.controller.ArticleController.wallpaper', 'GET', 'http://localhost:8089/api/note/article/bing-wallpaper', '127.0.0.1', NULL, NULL, '[]', '{\"code\":200,\"msg\":\"获取随机图片成功！\",\"data\":\"/image/1/20230330.jpg\"}', NULL, '0', 'admin', '2023-04-07 17:05:13');
INSERT INTO `sys_log` VALUES (125, '获取随机图片(必应)', 'com.xiaohai.note.controller.ArticleController.wallpaper', 'GET', 'http://localhost:8089/api/note/article/bing-wallpaper', '127.0.0.1', NULL, NULL, '[]', '{\"code\":200,\"msg\":\"获取随机图片成功！\",\"data\":\"/image/1/20230401.jpg\"}', NULL, '0', 'admin', '2023-04-07 17:08:51');
INSERT INTO `sys_log` VALUES (126, '获取随机图片(必应)', 'com.xiaohai.note.controller.ArticleController.wallpaper', 'GET', 'http://localhost:8089/api/note/article/bing-wallpaper', '127.0.0.1', NULL, NULL, '[]', '{\"code\":200,\"msg\":\"获取随机图片成功！\",\"data\":\"/image/1/20230330.jpg\"}', NULL, '0', 'admin', '2023-04-07 17:08:53');
INSERT INTO `sys_log` VALUES (127, '获取随机图片(必应)', 'com.xiaohai.note.controller.ArticleController.wallpaper', 'GET', 'http://localhost:8089/api/note/article/bing-wallpaper', '127.0.0.1', NULL, NULL, '[]', '{\"code\":200,\"msg\":\"获取随机图片成功！\",\"data\":\"/image/1/20230405.jpg\"}', NULL, '0', 'admin', '2023-04-07 17:08:54');
INSERT INTO `sys_log` VALUES (128, '获取随机图片(必应)', 'com.xiaohai.note.controller.ArticleController.wallpaper', 'GET', 'http://localhost:8089/api/note/article/bing-wallpaper', '127.0.0.1', NULL, NULL, '[]', '{\"code\":200,\"msg\":\"获取随机图片成功！\",\"data\":\"/image/1/20230401.jpg\"}', NULL, '0', 'admin', '2023-04-07 17:08:57');
INSERT INTO `sys_log` VALUES (129, '更新文章', 'com.xiaohai.note.controller.ArticleController.update', 'PUT', 'http://localhost:8089/api/note/article', '127.0.0.1', NULL, NULL, '[{\"id\":1,\"title\":\"测试\",\"categoryId\":1,\"tags\":[1],\"cover\":\"/image/1/20230330.jpg\",\"isTop\":1,\"isPush\":0,\"isOriginal\":1,\"originalUrl\":\"\",\"text\":\"StpUtil.getLoginId()\"}]', '{\"code\":200,\"msg\":\"更新文章表成功！\",\"data\":1}', NULL, '0', 'admin', '2023-04-07 17:26:14');
INSERT INTO `sys_log` VALUES (130, '更新文章', 'com.xiaohai.note.controller.ArticleController.update', 'PUT', 'http://localhost:8089/api/note/article', '127.0.0.1', NULL, NULL, '[{\"id\":1,\"title\":\"测试\",\"categoryId\":1,\"tags\":[1],\"cover\":\"/image/1/20230330.jpg\",\"isTop\":0,\"isPush\":0,\"isOriginal\":1,\"originalUrl\":\"\",\"text\":\"StpUtil.getLoginId()\"}]', '{\"code\":200,\"msg\":\"更新文章表成功！\",\"data\":1}', NULL, '0', 'admin', '2023-04-07 17:26:42');
INSERT INTO `sys_log` VALUES (131, '更新文章', 'com.xiaohai.note.controller.ArticleController.update', 'PUT', 'http://localhost:8089/api/note/article', '127.0.0.1', NULL, NULL, '[{\"id\":1,\"title\":\"测试\",\"categoryId\":1,\"tags\":[1],\"cover\":\"/image/1/20230330.jpg\",\"isTop\":0,\"isPush\":0,\"isOriginal\":1,\"originalUrl\":\"\",\"text\":\"StpUtil.getLoginId()\"}]', '{\"code\":200,\"msg\":\"更新文章成功！\",\"data\":1}', NULL, '0', 'admin', '2023-04-07 17:28:27');
INSERT INTO `sys_log` VALUES (132, '获取随机图片(必应)', 'com.xiaohai.note.controller.ArticleController.wallpaper', 'GET', 'http://localhost:8089/api/note/article/bing-wallpaper', '127.0.0.1', NULL, NULL, '[]', '{\"code\":200,\"msg\":\"获取随机图片成功！\",\"data\":\"/image/1/20230403.jpg\"}', NULL, '0', 'admin', '2023-04-07 17:41:22');
INSERT INTO `sys_log` VALUES (133, '新增文章', 'com.xiaohai.note.controller.ArticleController.add', 'POST', 'http://localhost:8089/api/note/article', '127.0.0.1', NULL, NULL, '[{\"title\":\"测试222\",\"categoryId\":1,\"tags\":[1,2],\"cover\":\"/image/1/20230403.jpg\",\"isTop\":0,\"isPush\":0,\"isOriginal\":0,\"originalUrl\":\"\",\"text\":\"是大V发SV地方\\n# 是是是 \"}]', '{\"code\":200,\"msg\":\"新增文章成功！\",\"data\":1}', NULL, '0', 'admin', '2023-04-07 17:42:01');
INSERT INTO `sys_log` VALUES (134, '登录', 'com.xiaohai.system.controller.LoginController.login', 'POST', 'http://localhost:8089/api/login', '127.0.0.1', NULL, NULL, '[{\"username\":\"admin\",\"password\":\"123456\",\"rememberMe\":false}]', '{\"code\":200,\"msg\":\"登录成功！\",\"data\":\"791f8b09-3f5e-4bc6-ae88-f2a49550e4b2\"}', NULL, '0', 'admin', '2023-04-07 20:11:56');
INSERT INTO `sys_log` VALUES (135, '登录', 'com.xiaohai.system.controller.LoginController.login', 'POST', 'http://localhost:8089/api/login', '127.0.0.1', NULL, NULL, '[{\"username\":\"admin\",\"password\":\"123456\",\"rememberMe\":false}]', '{\"code\":200,\"msg\":\"登录成功！\",\"data\":\"637e6305-bd18-4df6-be0d-5bdb8b7be1eb\"}', NULL, '0', 'admin', '2023-04-08 00:03:33');
INSERT INTO `sys_log` VALUES (136, '获取随机图片(必应)', 'com.xiaohai.note.controller.ArticleController.wallpaper', 'GET', 'http://localhost:8089/api/note/article/bing-wallpaper', '127.0.0.1', NULL, NULL, '[]', '{\"code\":200,\"msg\":\"获取随机图片成功！\",\"data\":\"/image/1/20230406.jpg\"}', NULL, '0', 'admin', '2023-04-08 00:03:41');
INSERT INTO `sys_log` VALUES (137, '登录', 'com.xiaohai.system.controller.LoginController.login', 'POST', 'http://localhost:8089/api/login', '127.0.0.1', NULL, NULL, '[{\"username\":\"admin\",\"password\":\"123456\",\"rememberMe\":false}]', '{\"code\":200,\"msg\":\"登录成功！\",\"data\":\"4aa6aa03-2b58-4de0-9da9-ac3301ebc4d3\"}', NULL, '0', 'admin', '2023-04-08 13:53:02');
INSERT INTO `sys_log` VALUES (138, '获取随机图片(必应)', 'com.xiaohai.note.controller.ArticleController.wallpaper', 'GET', 'http://localhost:8089/api/note/article/bing-wallpaper', '127.0.0.1', NULL, NULL, '[]', '{\"code\":200,\"msg\":\"获取随机图片成功！\",\"data\":\"/image/1/20230401.jpg\"}', NULL, '0', 'admin', '2023-04-08 13:54:04');
INSERT INTO `sys_log` VALUES (139, '更新文章', 'com.xiaohai.note.controller.ArticleController.update', 'PUT', 'http://localhost:8089/api/note/article', '127.0.0.1', NULL, NULL, '[{\"id\":1,\"title\":\"测试\",\"categoryId\":1,\"tags\":[1],\"cover\":\"/image/1/20230401.jpg\",\"isTop\":0,\"isPush\":0,\"isOriginal\":1,\"originalUrl\":\"\",\"text\":\"StpUtil.getLoginId()\"}]', '{\"code\":200,\"msg\":\"更新文章成功！\",\"data\":1}', NULL, '0', 'admin', '2023-04-08 13:54:05');
INSERT INTO `sys_log` VALUES (140, '获取随机图片(必应)', 'com.xiaohai.note.controller.ArticleController.wallpaper', 'GET', 'http://localhost:8089/api/note/article/bing-wallpaper', '127.0.0.1', NULL, NULL, '[]', '{\"code\":200,\"msg\":\"获取随机图片成功！\",\"data\":\"/image/1/20230402.jpg\"}', NULL, '0', 'admin', '2023-04-08 13:54:16');
INSERT INTO `sys_log` VALUES (141, '更新文章', 'com.xiaohai.note.controller.ArticleController.update', 'PUT', 'http://localhost:8089/api/note/article', '127.0.0.1', NULL, NULL, '[{\"id\":2,\"title\":\"测试222\",\"categoryId\":1,\"tags\":[1,2],\"cover\":\"/image/1/20230402.jpg\",\"isTop\":0,\"isPush\":0,\"isOriginal\":0,\"originalUrl\":\"\",\"text\":\"是大V发SV地方\\n# 是是是 \"}]', '{\"code\":200,\"msg\":\"更新文章成功！\",\"data\":1}', NULL, '0', 'admin', '2023-04-08 13:54:17');
INSERT INTO `sys_log` VALUES (142, '更新文章', 'com.xiaohai.note.controller.ArticleController.update', 'PUT', 'http://localhost:8089/api/note/article', '127.0.0.1', NULL, NULL, '[{\"id\":2,\"title\":\"测试222\",\"categoryId\":2,\"tags\":[1,2],\"cover\":\"/image/1/20230402.jpg\",\"isTop\":0,\"isPush\":0,\"isOriginal\":0,\"originalUrl\":\"\",\"text\":\"是大V发SV地方\\n# 是是是 \"}]', '{\"code\":200,\"msg\":\"更新文章成功！\",\"data\":1}', NULL, '0', 'admin', '2023-04-08 14:20:22');
INSERT INTO `sys_log` VALUES (143, '更新文章', 'com.xiaohai.note.controller.ArticleController.update', 'PUT', 'http://localhost:8089/api/note/article', '127.0.0.1', NULL, NULL, '[{\"id\":2,\"title\":\"测试222\",\"categoryId\":2,\"tags\":[1,2],\"cover\":\"/image/1/20230402.jpg\",\"isTop\":1,\"isPush\":0,\"isOriginal\":0,\"originalUrl\":\"\",\"text\":\"是大V发SV地方\\n# 是是是 \"}]', '{\"code\":200,\"msg\":\"更新文章成功！\",\"data\":1}', NULL, '0', 'admin', '2023-04-08 14:50:00');
INSERT INTO `sys_log` VALUES (144, '登录', 'com.xiaohai.system.controller.LoginController.login', 'POST', 'http://localhost:8089/api/login', '127.0.0.1', NULL, NULL, '[{\"username\":\"admin\",\"password\":\"123456\",\"rememberMe\":false}]', '{\"code\":200,\"msg\":\"登录成功！\",\"data\":\"301e0e4b-c43d-449e-a0dd-38b1d3e65fe2\"}', NULL, '0', 'admin', '2023-04-08 15:06:32');
INSERT INTO `sys_log` VALUES (145, '登录', 'com.xiaohai.system.controller.LoginController.login', 'POST', 'http://localhost:8089/api/login', '127.0.0.1', NULL, NULL, '[{\"username\":\"admin\",\"password\":\"123456\",\"rememberMe\":false}]', '{\"code\":200,\"msg\":\"登录成功！\",\"data\":\"5ff1cc88-ea20-4bb7-8d17-263e3832963c\"}', NULL, '0', 'admin', '2023-04-08 20:09:35');
INSERT INTO `sys_log` VALUES (146, '登录', 'com.xiaohai.system.controller.LoginController.login', 'POST', 'http://localhost:8089/api/login', '127.0.0.1', NULL, NULL, '[{\"username\":\"admin\",\"password\":\"123456\",\"rememberMe\":false}]', '{\"code\":200,\"msg\":\"登录成功！\",\"data\":\"c5c12b9b-9e6e-4470-8d82-c6fd71fd19bb\"}', NULL, '0', 'admin', '2023-04-08 21:30:44');
INSERT INTO `sys_log` VALUES (147, '新增菜单权限', 'com.xiaohai.system.controller.MenuController.add', 'POST', 'http://localhost:8089/api/system/menu', '127.0.0.1', NULL, NULL, '[{\"parentId\":52,\"icon\":\"\",\"menuSort\":4,\"menuName\":\"是否顶置\",\"menuType\":\"F\",\"path\":\"\",\"component\":\"\",\"perms\":\"note:article:top\",\"status\":\"0\"}]', '{\"code\":200,\"msg\":\"新增菜单权限表成功！\",\"data\":1}', NULL, '0', 'admin', '2023-04-08 21:34:32');
INSERT INTO `sys_log` VALUES (148, '新增菜单权限', 'com.xiaohai.system.controller.MenuController.add', 'POST', 'http://localhost:8089/api/system/menu', '127.0.0.1', NULL, NULL, '[{\"parentId\":52,\"icon\":\"\",\"menuSort\":5,\"menuName\":\"是否发布\",\"menuType\":\"F\",\"path\":\"\",\"component\":\"\",\"perms\":\"note:article:push\",\"status\":\"0\"}]', '{\"code\":200,\"msg\":\"新增菜单权限表成功！\",\"data\":1}', NULL, '0', 'admin', '2023-04-08 21:34:51');
INSERT INTO `sys_log` VALUES (149, '新增菜单权限', 'com.xiaohai.system.controller.MenuController.add', 'POST', 'http://localhost:8089/api/system/menu', '127.0.0.1', NULL, NULL, '[{\"parentId\":57,\"icon\":\"\",\"menuSort\":0,\"menuName\":\"保存\",\"menuType\":\"F\",\"path\":\"\",\"component\":\"\",\"perms\":\"note:article:save\",\"status\":\"0\"}]', '{\"code\":200,\"msg\":\"新增菜单权限表成功！\",\"data\":1}', NULL, '0', 'admin', '2023-04-08 21:44:59');
INSERT INTO `sys_log` VALUES (150, '更新角色', 'com.xiaohai.system.controller.RoleController.update', 'PUT', 'http://localhost:8089/api/system/role', '127.0.0.1', NULL, NULL, '[{\"id\":1,\"code\":\"admin\",\"name\":\"管理员\",\"remarks\":\"可以管理所有东西\",\"status\":\"0\",\"menuIds\":[41,52,53,54,55,56,58,59,57,60,42,43,44,45,46,47,48,49,50,51,1,3,13,10,11,12,4,14,15,16,17,31,39,40,2,18,19,20,21,5,22,23,25,24,30,9,26,27,28,29,35,36,37,38,6,7,8,32,33,34]}]', '{\"code\":200,\"msg\":\"更新角色表成功！\",\"data\":1}', NULL, '0', 'admin', '2023-04-08 21:47:19');
INSERT INTO `sys_log` VALUES (151, '更新角色', 'com.xiaohai.system.controller.RoleController.update', 'PUT', 'http://localhost:8089/api/system/role', '127.0.0.1', NULL, NULL, '[{\"id\":1,\"code\":\"admin\",\"name\":\"管理员\",\"remarks\":\"可以管理所有东西\",\"status\":\"0\",\"menuIds\":[41,52,53,54,55,56,58,59,42,43,44,45,46,47,48,49,50,51,1,3,13,10,11,12,4,14,15,16,17,31,39,40,2,18,19,20,21,5,22,23,25,24,30,9,26,27,28,29,35,36,37,38,6,7,8,32,33,34]}]', '{\"code\":200,\"msg\":\"更新角色表成功！\",\"data\":1}', NULL, '0', 'admin', '2023-04-08 21:48:44');
INSERT INTO `sys_log` VALUES (152, '新增菜单权限', 'com.xiaohai.system.controller.MenuController.add', 'POST', 'http://localhost:8089/api/system/menu', '127.0.0.1', NULL, NULL, '[{\"parentId\":57,\"icon\":\"\",\"menuSort\":0,\"menuName\":\"查看\",\"menuType\":\"F\",\"path\":\"\",\"component\":\"\",\"perms\":\"note:article:select\",\"status\":\"0\"}]', '{\"code\":200,\"msg\":\"新增菜单权限表成功！\",\"data\":1}', NULL, '0', 'admin', '2023-04-08 21:49:53');
INSERT INTO `sys_log` VALUES (153, '更新角色', 'com.xiaohai.system.controller.RoleController.update', 'PUT', 'http://localhost:8089/api/system/role', '127.0.0.1', NULL, NULL, '[{\"id\":1,\"code\":\"admin\",\"name\":\"管理员\",\"remarks\":\"可以管理所有东西\",\"status\":\"0\",\"menuIds\":[41,57,52,53,54,55,56,58,59,61,42,43,44,45,46,47,48,49,50,51,1,3,13,10,11,12,4,14,15,16,17,31,39,40,2,18,19,20,21,5,22,23,25,24,30,9,26,27,28,29,35,36,37,38,6,7,8,32,33,34]}]', '{\"code\":200,\"msg\":\"更新角色表成功！\",\"data\":1}', NULL, '0', 'admin', '2023-04-08 21:51:04');
INSERT INTO `sys_log` VALUES (154, '更新文章', 'com.xiaohai.note.controller.ArticleController.update', 'PUT', 'http://localhost:8089/api/note/article', '127.0.0.1', NULL, NULL, '[{\"id\":1,\"title\":\"测试\",\"categoryId\":1,\"tags\":[1],\"cover\":\"/image/1/20230401.jpg\",\"isTop\":0,\"isPush\":0,\"isOriginal\":1,\"originalUrl\":\"\",\"text\":\"StpUtil.getLoginId()\"}]', '{\"code\":200,\"msg\":\"更新文章成功！\",\"data\":1}', NULL, '0', 'admin', '2023-04-08 21:51:24');
INSERT INTO `sys_log` VALUES (155, '删除菜单权限', 'com.xiaohai.system.controller.MenuController.delete', 'DELETE', 'http://localhost:8089/api/system/menu/61', '127.0.0.1', NULL, NULL, '[61]', '{\"code\":200,\"msg\":\"删除菜单权限表成功！\",\"data\":1}', NULL, '0', 'admin', '2023-04-08 21:59:12');
INSERT INTO `sys_log` VALUES (156, '删除菜单权限', 'com.xiaohai.system.controller.MenuController.delete', 'DELETE', 'http://localhost:8089/api/system/menu/60', '127.0.0.1', NULL, NULL, '[60]', '{\"code\":200,\"msg\":\"删除菜单权限表成功！\",\"data\":1}', NULL, '0', 'admin', '2023-04-08 22:00:47');
INSERT INTO `sys_log` VALUES (157, '新增菜单权限', 'com.xiaohai.system.controller.MenuController.add', 'POST', 'http://localhost:8089/api/system/menu', '127.0.0.1', NULL, NULL, '[{\"parentId\":57,\"icon\":\"\",\"menuSort\":0,\"menuName\":\"查看\",\"menuType\":\"F\",\"path\":\"\",\"component\":\"\",\"perms\":\"aa\",\"status\":\"0\"}]', '{\"code\":200,\"msg\":\"新增菜单权限表成功！\",\"data\":1}', NULL, '0', 'admin', '2023-04-08 22:06:47');
INSERT INTO `sys_log` VALUES (158, '更新角色', 'com.xiaohai.system.controller.RoleController.update', 'PUT', 'http://localhost:8089/api/system/role', '127.0.0.1', NULL, NULL, '[{\"id\":1,\"code\":\"admin\",\"name\":\"管理员\",\"remarks\":\"可以管理所有东西\",\"status\":\"0\",\"menuIds\":[41,52,53,54,55,56,58,59,57,62,42,43,44,45,46,47,48,49,50,51,1,3,13,10,11,12,4,14,15,16,17,31,39,40,2,18,19,20,21,5,22,23,25,24,30,9,26,27,28,29,35,36,37,38,6,7,8,32,33,34]}]', '{\"code\":200,\"msg\":\"更新角色表成功！\",\"data\":1}', NULL, '0', 'admin', '2023-04-08 22:07:57');
INSERT INTO `sys_log` VALUES (159, '删除菜单权限', 'com.xiaohai.system.controller.MenuController.delete', 'DELETE', 'http://localhost:8089/api/system/menu/62', '127.0.0.1', NULL, NULL, '[62]', '{\"code\":200,\"msg\":\"删除菜单权限表成功！\",\"data\":1}', NULL, '0', 'admin', '2023-04-08 22:08:07');
INSERT INTO `sys_log` VALUES (160, '新增菜单权限', 'com.xiaohai.system.controller.MenuController.add', 'POST', 'http://localhost:8089/api/system/menu', '127.0.0.1', NULL, NULL, '[{\"parentId\":57,\"icon\":\"\",\"menuSort\":0,\"menuName\":\"的\",\"menuType\":\"F\",\"path\":\"\",\"component\":\"\",\"perms\":\"1\",\"status\":\"0\"}]', '{\"code\":200,\"msg\":\"新增菜单权限表成功！\",\"data\":1}', NULL, '0', 'admin', '2023-04-08 22:09:00');
INSERT INTO `sys_log` VALUES (161, '更新角色', 'com.xiaohai.system.controller.RoleController.update', 'PUT', 'http://localhost:8089/api/system/role', '127.0.0.1', NULL, NULL, '[{\"id\":1,\"code\":\"admin\",\"name\":\"管理员\",\"remarks\":\"可以管理所有东西\",\"status\":\"0\",\"menuIds\":[41,52,53,54,55,56,58,59,57,63,42,43,44,45,46,47,48,49,50,51,1,3,13,10,11,12,4,14,15,16,17,31,39,40,2,18,19,20,21,5,22,23,25,24,30,9,26,27,28,29,35,36,37,38,6,7,8,32,33,34]}]', '{\"code\":200,\"msg\":\"更新角色表成功！\",\"data\":1}', NULL, '0', 'admin', '2023-04-08 22:09:12');
INSERT INTO `sys_log` VALUES (162, '删除菜单权限', 'com.xiaohai.system.controller.MenuController.delete', 'DELETE', 'http://localhost:8089/api/system/menu/63', '127.0.0.1', NULL, NULL, '[63]', '{\"code\":200,\"msg\":\"删除菜单权限表成功！\",\"data\":1}', NULL, '0', 'admin', '2023-04-08 22:10:53');
INSERT INTO `sys_log` VALUES (163, '新增菜单权限', 'com.xiaohai.system.controller.MenuController.add', 'POST', 'http://localhost:8089/api/system/menu', '127.0.0.1', NULL, NULL, '[{\"parentId\":57,\"icon\":\"\",\"menuSort\":0,\"menuName\":\"3\",\"menuType\":\"F\",\"path\":\"\",\"component\":\"\",\"perms\":\"33\",\"status\":\"0\"}]', '{\"code\":200,\"msg\":\"新增菜单权限表成功！\",\"data\":1}', NULL, '0', 'admin', '2023-04-08 22:11:47');
INSERT INTO `sys_log` VALUES (164, '删除菜单权限', 'com.xiaohai.system.controller.MenuController.delete', 'DELETE', 'http://localhost:8089/api/system/menu/64', '127.0.0.1', NULL, NULL, '[64]', NULL, '当前菜单存在绑定，无法删除', '1', 'admin', '2023-04-08 22:11:59');
INSERT INTO `sys_log` VALUES (165, '删除菜单权限', 'com.xiaohai.system.controller.MenuController.delete', 'DELETE', 'http://localhost:8089/api/system/menu/64', '127.0.0.1', NULL, NULL, '[64]', NULL, '当前菜单存在绑定，无法删除', '1', 'admin', '2023-04-08 22:13:31');
INSERT INTO `sys_log` VALUES (166, '删除菜单权限', 'com.xiaohai.system.controller.MenuController.delete', 'DELETE', 'http://localhost:8089/api/system/menu/64', '127.0.0.1', NULL, NULL, '[64]', NULL, '当前菜单存在绑定，无法删除', '1', 'admin', '2023-04-08 22:16:38');
INSERT INTO `sys_log` VALUES (167, '删除菜单权限', 'com.xiaohai.system.controller.MenuController.delete', 'DELETE', 'http://localhost:8089/api/system/menu/64', '127.0.0.1', NULL, NULL, '[64]', NULL, '当前菜单存在绑定，无法删除', '1', 'admin', '2023-04-08 22:17:50');
INSERT INTO `sys_log` VALUES (168, '删除菜单权限', 'com.xiaohai.system.controller.MenuController.delete', 'DELETE', 'http://localhost:8089/api/system/menu/64', '127.0.0.1', NULL, NULL, '[64]', NULL, '当前菜单存在绑定，无法删除', '1', 'admin', '2023-04-08 22:28:16');
INSERT INTO `sys_log` VALUES (169, '登录', 'com.xiaohai.system.controller.LoginController.login', 'POST', 'http://localhost:8089/api/login', '127.0.0.1', NULL, NULL, '[{\"username\":\"admin\",\"password\":\"123456\",\"rememberMe\":false}]', '{\"code\":200,\"msg\":\"登录成功！\",\"data\":\"05d01109-82b2-4898-83a9-fcc3efc06d06\"}', NULL, '0', 'admin', '2023-04-08 22:31:17');
INSERT INTO `sys_log` VALUES (170, '删除菜单权限', 'com.xiaohai.system.controller.MenuController.delete', 'DELETE', 'http://localhost:8089/api/system/menu/64', '127.0.0.1', NULL, NULL, '[64]', NULL, '当前菜单存在绑定，无法删除', '1', 'admin', '2023-04-08 22:33:53');
INSERT INTO `sys_log` VALUES (171, '更新角色', 'com.xiaohai.system.controller.RoleController.update', 'PUT', 'http://localhost:8089/api/system/role', '127.0.0.1', NULL, NULL, '[{\"id\":1,\"code\":\"admin\",\"name\":\"管理员\",\"remarks\":\"可以管理所有东西\",\"status\":\"0\",\"menuIds\":[41,52,53,54,56,58,59,57,64,42,43,44,45,46,47,48,49,50,51,1,3,13,10,11,12,4,14,15,16,17,31,39,40,2,18,19,20,21,5,22,23,25,24,30,9,26,27,28,29,35,36,37,38,6,7,8,32,33,34]}]', '{\"code\":200,\"msg\":\"更新角色表成功！\",\"data\":1}', NULL, '0', 'admin', '2023-04-08 22:34:22');
INSERT INTO `sys_log` VALUES (172, '更新角色', 'com.xiaohai.system.controller.RoleController.update', 'PUT', 'http://localhost:8089/api/system/role', '127.0.0.1', NULL, NULL, '[{\"id\":1,\"code\":\"admin\",\"name\":\"管理员\",\"remarks\":\"可以管理所有东西\",\"status\":\"0\",\"menuIds\":[41,52,53,54,55,56,58,59,57,64,42,43,44,45,46,47,48,49,50,51,1,3,13,10,11,12,4,14,15,16,17,31,39,40,2,18,19,20,21,5,22,23,25,24,30,9,26,27,28,29,35,36,37,38,6,7,8,32,33,34]}]', '{\"code\":200,\"msg\":\"更新角色表成功！\",\"data\":1}', NULL, '0', 'admin', '2023-04-08 22:37:55');
INSERT INTO `sys_log` VALUES (173, '删除菜单权限', 'com.xiaohai.system.controller.MenuController.delete', 'DELETE', 'http://localhost:8089/api/system/menu/64', '127.0.0.1', NULL, NULL, '[64]', NULL, '当前菜单存在绑定，无法删除', '1', 'admin', '2023-04-08 22:38:45');
INSERT INTO `sys_log` VALUES (174, '删除菜单权限', 'com.xiaohai.system.controller.MenuController.delete', 'DELETE', 'http://localhost:8089/api/system/menu/64', '127.0.0.1', NULL, NULL, '[64]', NULL, '当前菜单存在绑定，无法删除', '1', 'admin', '2023-04-08 22:48:02');
INSERT INTO `sys_log` VALUES (175, '删除菜单权限', 'com.xiaohai.system.controller.MenuController.delete', 'DELETE', 'http://localhost:8089/api/system/menu/64', '127.0.0.1', NULL, NULL, '[64]', NULL, NULL, '0', 'admin', '2023-04-08 22:48:34');
INSERT INTO `sys_log` VALUES (176, '删除菜单权限', 'com.xiaohai.system.controller.MenuController.delete', 'DELETE', 'http://localhost:8089/api/system/menu/64', '127.0.0.1', NULL, NULL, '[64]', NULL, NULL, '0', 'admin', '2023-04-08 22:55:18');
INSERT INTO `sys_log` VALUES (177, '删除菜单权限', 'com.xiaohai.system.controller.MenuController.delete', 'DELETE', 'http://localhost:8089/api/system/menu/64', '127.0.0.1', NULL, NULL, '[64]', '{\"code\":400,\"msg\":\"当前菜单存在绑定，无法删除\"}', NULL, '0', 'admin', '2023-04-08 23:22:58');
INSERT INTO `sys_log` VALUES (178, '删除角色', 'com.xiaohai.system.controller.RoleController.delete', 'DELETE', 'http://localhost:8089/api/system/role/3', '127.0.0.1', NULL, NULL, '[[3]]', '{\"code\":400,\"msg\":\"当前角色存在用户，无法删除\"}', NULL, '0', 'admin', '2023-04-08 23:24:00');
INSERT INTO `sys_log` VALUES (179, '更新角色', 'com.xiaohai.system.controller.RoleController.update', 'PUT', 'http://localhost:8089/api/system/role', '127.0.0.1', NULL, NULL, '[{\"id\":1,\"code\":\"admin\",\"name\":\"管理员\",\"remarks\":\"可以管理所有东西\",\"status\":\"0\",\"menuIds\":[41,52,53,54,55,56,58,59,42,43,44,45,46,47,48,49,50,51,1,3,13,10,11,12,4,14,15,16,17,31,39,40,2,18,19,20,21,5,22,23,25,24,30,9,26,27,28,29,35,36,37,38,6,7,8,32,33,34]}]', '{\"code\":200,\"msg\":\"更新角色表成功！\",\"data\":1}', NULL, '0', 'admin', '2023-04-08 23:25:41');
INSERT INTO `sys_log` VALUES (180, '删除菜单权限', 'com.xiaohai.system.controller.MenuController.delete', 'DELETE', 'http://localhost:8089/api/system/menu/64', '127.0.0.1', NULL, NULL, '[64]', '{\"code\":200,\"msg\":\"删除菜单权限表成功！\",\"data\":1}', NULL, '0', 'admin', '2023-04-08 23:26:25');
INSERT INTO `sys_log` VALUES (181, '更新角色', 'com.xiaohai.system.controller.RoleController.update', 'PUT', 'http://localhost:8089/api/system/role', '127.0.0.1', NULL, NULL, '[{\"id\":1,\"code\":\"admin\",\"name\":\"管理员\",\"remarks\":\"可以管理所有东西\",\"status\":\"0\",\"menuIds\":[41,52,53,54,55,56,58,59,57,42,43,44,45,46,47,48,49,50,51,1,3,13,10,11,12,4,14,15,16,17,31,39,40,2,18,19,20,21,5,22,23,25,24,30,9,26,27,28,29,35,36,37,38,6,7,8,32,33,34]}]', '{\"code\":200,\"msg\":\"更新角色表成功！\",\"data\":1}', NULL, '0', 'admin', '2023-04-08 23:26:37');
INSERT INTO `sys_log` VALUES (182, '是否发布', 'com.xiaohai.note.controller.ArticleController.push', 'PUT', 'http://localhost:8089/api/note/article/push/2', '127.0.0.1', NULL, NULL, '[2]', '{\"code\":200,\"msg\":\"调整成功！\",\"data\":1}', NULL, '0', 'admin', '2023-04-08 23:26:56');
INSERT INTO `sys_log` VALUES (183, '是否顶置', 'com.xiaohai.note.controller.ArticleController.top', 'PUT', 'http://localhost:8089/api/note/article/top/2', '127.0.0.1', NULL, NULL, '[2]', '{\"code\":200,\"msg\":\"修改成功！\",\"data\":1}', NULL, '0', 'admin', '2023-04-08 23:27:03');
INSERT INTO `sys_log` VALUES (184, '是否顶置', 'com.xiaohai.note.controller.ArticleController.top', 'PUT', 'http://localhost:8089/api/note/article/top/2', '127.0.0.1', NULL, NULL, '[2]', '{\"code\":200,\"msg\":\"修改成功！\",\"data\":1}', NULL, '0', 'admin', '2023-04-08 23:27:13');
INSERT INTO `sys_log` VALUES (185, '是否发布', 'com.xiaohai.note.controller.ArticleController.push', 'PUT', 'http://localhost:8089/api/note/article/push/2', '127.0.0.1', NULL, NULL, '[2]', '{\"code\":200,\"msg\":\"调整成功！\",\"data\":1}', NULL, '0', 'admin', '2023-04-08 23:27:22');
INSERT INTO `sys_log` VALUES (186, '登录', 'com.xiaohai.system.controller.LoginController.login', 'POST', 'http://localhost:8089/api/login', '127.0.0.1', NULL, NULL, '[{\"username\":\"admin\",\"password\":\"123456\",\"rememberMe\":false}]', '{\"code\":200,\"msg\":\"登录成功！\",\"data\":\"2029864d-a1c2-4d7c-9188-0ca325b7f405\"}', NULL, '0', 'admin', '2023-04-08 23:38:54');
INSERT INTO `sys_log` VALUES (187, '是否顶置', 'com.xiaohai.note.controller.ArticleController.top', 'PUT', 'http://localhost:8089/api/note/article/top/2', '127.0.0.1', NULL, NULL, '[2]', '{\"code\":200,\"msg\":\"修改成功！\",\"data\":1}', NULL, '0', 'admin', '2023-04-09 00:16:50');
INSERT INTO `sys_log` VALUES (188, '是否顶置', 'com.xiaohai.note.controller.ArticleController.top', 'PUT', 'http://localhost:8089/api/note/article/top/2', '127.0.0.1', NULL, NULL, '[2]', '{\"code\":200,\"msg\":\"修改成功！\",\"data\":1}', NULL, '0', 'admin', '2023-04-09 00:16:51');
INSERT INTO `sys_log` VALUES (189, '更新文章', 'com.xiaohai.note.controller.ArticleController.update', 'PUT', 'http://localhost:8089/api/note/article', '127.0.0.1', NULL, NULL, '[{\"id\":1,\"title\":\"测试\",\"categoryId\":1,\"tags\":[1],\"cover\":\"/image/1/20230401.jpg\",\"isTop\":0,\"isPush\":1,\"isOriginal\":0,\"originalUrl\":\"\",\"text\":\"StpUtil.getLoginId()\"}]', '{\"code\":200,\"msg\":\"更新文章成功！\",\"data\":1}', NULL, '0', 'admin', '2023-04-09 00:24:53');
INSERT INTO `sys_log` VALUES (190, '是否顶置', 'com.xiaohai.note.controller.ArticleController.top', 'PUT', 'http://localhost:8089/api/note/article/top/1', '127.0.0.1', NULL, NULL, '[1]', '{\"code\":200,\"msg\":\"修改成功！\",\"data\":1}', NULL, '0', 'admin', '2023-04-09 00:29:21');
INSERT INTO `sys_log` VALUES (191, '是否顶置', 'com.xiaohai.note.controller.ArticleController.top', 'PUT', 'http://localhost:8089/api/note/article/top/1', '127.0.0.1', NULL, NULL, '[1]', '{\"code\":200,\"msg\":\"修改成功！\",\"data\":1}', NULL, '0', 'admin', '2023-04-09 00:29:22');
INSERT INTO `sys_log` VALUES (192, '更新文章', 'com.xiaohai.note.controller.ArticleController.update', 'PUT', 'http://localhost:8089/api/note/article', '127.0.0.1', NULL, NULL, '[{\"id\":1,\"title\":\"测试\",\"categoryId\":1,\"tags\":[1],\"cover\":\"/image/1/20230401.jpg\",\"isTop\":0,\"isPush\":1,\"isOriginal\":1,\"originalUrl\":\"\",\"text\":\"StpUtil.getLoginId()\"}]', '{\"code\":200,\"msg\":\"更新文章成功！\",\"data\":1}', NULL, '0', 'admin', '2023-04-09 00:29:28');
INSERT INTO `sys_log` VALUES (193, '登录', 'com.xiaohai.system.controller.LoginController.login', 'POST', 'http://localhost:8089/api/login', '127.0.0.1', NULL, NULL, '[{\"username\":\"admin\",\"password\":\"123456\",\"rememberMe\":false}]', '{\"code\":200,\"msg\":\"登录成功！\",\"data\":\"a21fed71-63ff-4121-8e8d-1e3fa2aaecc1\"}', NULL, '0', 'admin', '2023-04-09 09:46:39');
INSERT INTO `sys_log` VALUES (194, '是否顶置', 'com.xiaohai.note.controller.ArticleController.top', 'PUT', 'http://localhost:8089/api/note/article/top/2', '127.0.0.1', NULL, NULL, '[2]', '{\"code\":200,\"msg\":\"修改成功！\",\"data\":1}', NULL, '0', 'admin', '2023-04-09 09:47:15');
INSERT INTO `sys_log` VALUES (195, '是否顶置', 'com.xiaohai.note.controller.ArticleController.top', 'PUT', 'http://localhost:8089/api/note/article/top/2', '127.0.0.1', NULL, NULL, '[2]', '{\"code\":200,\"msg\":\"修改成功！\",\"data\":1}', NULL, '0', 'admin', '2023-04-09 09:47:16');
INSERT INTO `sys_log` VALUES (196, '是否顶置', 'com.xiaohai.note.controller.ArticleController.top', 'PUT', 'http://localhost:8089/api/note/article/top/2', '127.0.0.1', NULL, NULL, '[2]', '{\"code\":200,\"msg\":\"修改成功！\",\"data\":1}', NULL, '0', 'admin', '2023-04-09 09:53:43');
INSERT INTO `sys_log` VALUES (197, '是否顶置', 'com.xiaohai.note.controller.ArticleController.top', 'PUT', 'http://localhost:8089/api/note/article/top/2', '127.0.0.1', NULL, NULL, '[2]', '{\"code\":200,\"msg\":\"修改成功！\",\"data\":1}', NULL, '0', 'admin', '2023-04-09 09:53:46');
INSERT INTO `sys_log` VALUES (198, '是否顶置', 'com.xiaohai.note.controller.ArticleController.top', 'PUT', 'http://localhost:8089/api/note/article/top/2', '127.0.0.1', NULL, NULL, '[2]', '{\"code\":200,\"msg\":\"修改成功！\",\"data\":1}', NULL, '0', 'admin', '2023-04-09 09:54:48');
INSERT INTO `sys_log` VALUES (199, '是否顶置', 'com.xiaohai.note.controller.ArticleController.top', 'PUT', 'http://localhost:8089/api/note/article/top/2', '127.0.0.1', NULL, NULL, '[2]', '{\"code\":200,\"msg\":\"修改成功！\",\"data\":1}', NULL, '0', 'admin', '2023-04-09 09:54:51');
INSERT INTO `sys_log` VALUES (200, '是否顶置', 'com.xiaohai.note.controller.ArticleController.top', 'PUT', 'http://localhost:8089/api/note/article/top/1', '127.0.0.1', NULL, NULL, '[1]', '{\"code\":200,\"msg\":\"修改成功！\",\"data\":1}', NULL, '0', 'admin', '2023-04-09 09:54:53');
INSERT INTO `sys_log` VALUES (201, '是否顶置', 'com.xiaohai.note.controller.ArticleController.top', 'PUT', 'http://localhost:8089/api/note/article/top/2', '127.0.0.1', NULL, NULL, '[2]', '{\"code\":200,\"msg\":\"修改成功！\",\"data\":1}', NULL, '0', 'admin', '2023-04-09 09:54:55');
INSERT INTO `sys_log` VALUES (202, '是否顶置', 'com.xiaohai.note.controller.ArticleController.top', 'PUT', 'http://localhost:8089/api/note/article/top/1', '127.0.0.1', NULL, NULL, '[1]', '{\"code\":200,\"msg\":\"修改成功！\",\"data\":1}', NULL, '0', 'admin', '2023-04-09 09:54:56');
INSERT INTO `sys_log` VALUES (203, '是否顶置', 'com.xiaohai.note.controller.ArticleController.top', 'PUT', 'http://localhost:8089/api/note/article/top/1', '127.0.0.1', NULL, NULL, '[1]', '{\"code\":200,\"msg\":\"修改成功！\",\"data\":1}', NULL, '0', 'admin', '2023-04-09 09:54:59');
INSERT INTO `sys_log` VALUES (204, '是否顶置', 'com.xiaohai.note.controller.ArticleController.top', 'PUT', 'http://localhost:8089/api/note/article/top/1', '127.0.0.1', NULL, NULL, '[1]', '{\"code\":200,\"msg\":\"修改成功！\",\"data\":1}', NULL, '0', 'admin', '2023-04-09 09:55:00');
INSERT INTO `sys_log` VALUES (205, '是否顶置', 'com.xiaohai.note.controller.ArticleController.top', 'PUT', 'http://localhost:8089/api/note/article/top/2', '127.0.0.1', NULL, NULL, '[2]', '{\"code\":200,\"msg\":\"修改成功！\",\"data\":1}', NULL, '0', 'admin', '2023-04-09 09:55:01');
INSERT INTO `sys_log` VALUES (206, '登录', 'com.xiaohai.system.controller.LoginController.login', 'POST', 'http://localhost:8089/api/login', '127.0.0.1', NULL, NULL, '[{\"username\":\"admin\",\"password\":\"123456\",\"rememberMe\":false}]', '{\"code\":200,\"msg\":\"登录成功！\",\"data\":\"65cd0e2e-4705-40e3-98ac-5639fea8b648\"}', NULL, '0', 'admin', '2023-04-09 14:02:15');
INSERT INTO `sys_log` VALUES (207, '登录', 'com.xiaohai.system.controller.LoginController.login', 'POST', 'http://localhost:8089/api/login', '127.0.0.1', NULL, NULL, '[{\"username\":\"admin\",\"password\":\"123456\",\"rememberMe\":false}]', '{\"code\":200,\"msg\":\"登录成功！\",\"data\":\"f4ca4882-cf5f-4051-93d2-305c3cdbcefd\"}', NULL, '0', 'admin', '2023-04-09 19:44:16');
INSERT INTO `sys_log` VALUES (208, '是否顶置', 'com.xiaohai.note.controller.ArticleController.top', 'PUT', 'http://localhost:8089/api/note/article/top/1', '127.0.0.1', NULL, NULL, '[1]', '{\"code\":400,\"msg\":\"已存在顶置\"}', NULL, '0', 'admin', '2023-04-09 19:44:19');
INSERT INTO `sys_log` VALUES (209, '是否顶置', 'com.xiaohai.note.controller.ArticleController.top', 'PUT', 'http://localhost:8089/api/note/article/top/2', '127.0.0.1', NULL, NULL, '[2]', '{\"code\":200,\"msg\":\"修改成功！\",\"data\":1}', NULL, '0', 'admin', '2023-04-09 19:44:22');
INSERT INTO `sys_log` VALUES (210, '是否顶置', 'com.xiaohai.note.controller.ArticleController.top', 'PUT', 'http://localhost:8089/api/note/article/top/1', '127.0.0.1', NULL, NULL, '[1]', '{\"code\":200,\"msg\":\"修改成功！\",\"data\":1}', NULL, '0', 'admin', '2023-04-09 19:44:25');
INSERT INTO `sys_log` VALUES (211, '是否顶置', 'com.xiaohai.note.controller.ArticleController.top', 'PUT', 'http://localhost:8089/api/note/article/top/2', '127.0.0.1', NULL, NULL, '[2]', '{\"code\":400,\"msg\":\"已存在顶置\"}', NULL, '0', 'admin', '2023-04-09 19:44:26');
INSERT INTO `sys_log` VALUES (212, '登录', 'com.xiaohai.system.controller.LoginController.login', 'POST', 'http://localhost:8089/api/login', '127.0.0.1', NULL, NULL, '[{\"username\":\"admin\",\"password\":\"123456\",\"rememberMe\":false}]', '{\"code\":200,\"msg\":\"登录成功！\",\"data\":\"db3e4c46-01c2-4475-91da-f195ba0dda18\"}', NULL, '0', 'admin', '2023-04-11 09:35:48');
INSERT INTO `sys_log` VALUES (213, '是否顶置', 'com.xiaohai.note.controller.ArticleController.top', 'PUT', 'http://localhost:8089/api/note/article/top/1', '127.0.0.1', NULL, NULL, '[1]', '{\"code\":200,\"msg\":\"修改成功！\",\"data\":1}', NULL, '0', 'admin', '2023-04-11 09:35:51');
INSERT INTO `sys_log` VALUES (214, '是否顶置', 'com.xiaohai.note.controller.ArticleController.top', 'PUT', 'http://localhost:8089/api/note/article/top/1', '127.0.0.1', NULL, NULL, '[1]', '{\"code\":200,\"msg\":\"修改成功！\",\"data\":1}', NULL, '0', 'admin', '2023-04-11 09:35:52');
INSERT INTO `sys_log` VALUES (215, '是否顶置', 'com.xiaohai.note.controller.ArticleController.top', 'PUT', 'http://localhost:8089/api/note/article/top/2', '127.0.0.1', NULL, NULL, '[2]', '{\"code\":400,\"msg\":\"已存在顶置\"}', NULL, '0', 'admin', '2023-04-11 09:35:54');
INSERT INTO `sys_log` VALUES (216, '是否顶置', 'com.xiaohai.note.controller.ArticleController.top', 'PUT', 'http://localhost:8089/api/note/article/top/2', '127.0.0.1', NULL, NULL, '[2]', '{\"code\":400,\"msg\":\"已存在顶置\"}', NULL, '0', 'admin', '2023-04-11 09:36:00');
INSERT INTO `sys_log` VALUES (217, '是否顶置', 'com.xiaohai.note.controller.ArticleController.top', 'PUT', 'http://localhost:8089/api/note/article/top/1', '127.0.0.1', NULL, NULL, '[1]', '{\"code\":200,\"msg\":\"修改成功！\",\"data\":1}', NULL, '0', 'admin', '2023-04-11 09:36:01');
INSERT INTO `sys_log` VALUES (218, '是否顶置', 'com.xiaohai.note.controller.ArticleController.top', 'PUT', 'http://localhost:8089/api/note/article/top/2', '127.0.0.1', NULL, NULL, '[2]', '{\"code\":200,\"msg\":\"修改成功！\",\"data\":1}', NULL, '0', 'admin', '2023-04-11 09:36:02');
INSERT INTO `sys_log` VALUES (219, '是否顶置', 'com.xiaohai.note.controller.ArticleController.top', 'PUT', 'http://localhost:8089/api/note/article/top/2', '127.0.0.1', NULL, NULL, '[2]', '{\"code\":200,\"msg\":\"修改成功！\",\"data\":1}', NULL, '0', 'admin', '2023-04-11 09:36:04');
INSERT INTO `sys_log` VALUES (220, '是否顶置', 'com.xiaohai.note.controller.ArticleController.top', 'PUT', 'http://localhost:8089/api/note/article/top/1', '127.0.0.1', NULL, NULL, '[1]', '{\"code\":200,\"msg\":\"修改成功！\",\"data\":1}', NULL, '0', 'admin', '2023-04-11 09:36:05');
INSERT INTO `sys_log` VALUES (221, '登录', 'com.xiaohai.system.controller.LoginController.login', 'POST', 'http://localhost:8089/api/login', '127.0.0.1', NULL, NULL, '[{\"username\":\"admin\",\"password\":\"123456\",\"rememberMe\":false}]', '{\"code\":200,\"msg\":\"登录成功！\",\"data\":\"0059fd58-ce90-4c31-9cd1-4b3324c395a0\"}', NULL, '0', 'admin', '2023-04-11 11:44:29');
INSERT INTO `sys_log` VALUES (222, '登录', 'com.xiaohai.system.controller.LoginController.login', 'POST', 'http://localhost:8089/api/login', '127.0.0.1', NULL, NULL, '[{\"username\":\"admin\",\"password\":\"123456\",\"rememberMe\":false}]', '{\"code\":200,\"msg\":\"登录成功！\",\"data\":\"834426d0-efe4-45e8-922f-05330bd04f51\"}', NULL, '0', 'admin', '2023-04-11 13:36:35');
INSERT INTO `sys_log` VALUES (223, '登录', 'com.xiaohai.system.controller.LoginController.login', 'POST', 'http://localhost:8089/api/login', '127.0.0.1', NULL, NULL, '[{\"username\":\"admin\",\"password\":\"123456\",\"rememberMe\":false}]', '{\"code\":200,\"msg\":\"登录成功！\",\"data\":\"3abedf13-2f2b-4d1f-8106-4e45fab1f8a0\"}', NULL, '0', 'admin', '2023-04-11 13:38:00');
INSERT INTO `sys_log` VALUES (224, '登录', 'com.xiaohai.system.controller.LoginController.login', 'POST', 'http://localhost:8089/api/login', '127.0.0.1', NULL, NULL, '[{\"username\":\"admin\",\"password\":\"123456\",\"rememberMe\":false}]', NULL, 'class java.lang.Long cannot be cast to class java.lang.Integer (java.lang.Long and java.lang.Integer are in module java.base of loader \'bootstrap\')', '1', NULL, '2023-04-11 14:02:21');
INSERT INTO `sys_log` VALUES (225, '登录', 'com.xiaohai.system.controller.LoginController.login', 'POST', 'http://localhost:8089/api/login', '127.0.0.1', NULL, NULL, '[{\"username\":\"admin\",\"password\":\"123456\",\"rememberMe\":false}]', NULL, 'class java.lang.Long cannot be cast to class java.lang.Integer (java.lang.Long and java.lang.Integer are in module java.base of loader \'bootstrap\')', '1', NULL, '2023-04-11 14:03:29');
INSERT INTO `sys_log` VALUES (226, '登录', 'com.xiaohai.system.controller.LoginController.login', 'POST', 'http://localhost:8089/api/login', '127.0.0.1', NULL, NULL, '[{\"username\":\"admin\",\"password\":\"123456\",\"rememberMe\":false}]', NULL, 'class java.lang.Long cannot be cast to class java.lang.Integer (java.lang.Long and java.lang.Integer are in module java.base of loader \'bootstrap\')', '1', NULL, '2023-04-11 14:04:36');
INSERT INTO `sys_log` VALUES (227, '登录', 'com.xiaohai.system.controller.LoginController.login', 'POST', 'http://localhost:8089/api/login', '127.0.0.1', NULL, NULL, '[{\"username\":\"admin\",\"password\":\"123456\",\"rememberMe\":false}]', NULL, 'class java.lang.Long cannot be cast to class java.lang.String (java.lang.Long and java.lang.String are in module java.base of loader \'bootstrap\')', '1', NULL, '2023-04-11 14:06:17');
INSERT INTO `sys_log` VALUES (228, '登录', 'com.xiaohai.system.controller.LoginController.login', 'POST', 'http://localhost:8089/api/login', '127.0.0.1', NULL, NULL, '[{\"username\":\"admin\",\"password\":\"123456\",\"rememberMe\":false}]', NULL, 'class java.lang.Long cannot be cast to class java.lang.String (java.lang.Long and java.lang.String are in module java.base of loader \'bootstrap\')', '1', NULL, '2023-04-11 14:10:01');
INSERT INTO `sys_log` VALUES (229, '登录', 'com.xiaohai.system.controller.LoginController.login', 'POST', 'http://localhost:8089/api/login', '127.0.0.1', NULL, NULL, '[{\"username\":\"admin\",\"password\":\"123456\",\"rememberMe\":false}]', '{\"code\":200,\"msg\":\"登录成功！\",\"data\":\"7b051f27-bde8-4654-969a-e9c476d8c278\"}', NULL, '0', 'admin', '2023-04-11 14:10:23');
INSERT INTO `sys_log` VALUES (230, '登录', 'com.xiaohai.system.controller.LoginController.login', 'POST', 'http://localhost:8089/api/login', '127.0.0.1', NULL, NULL, '[{\"username\":\"admin\",\"password\":\"123456\",\"rememberMe\":false}]', '{\"code\":200,\"msg\":\"登录成功！\",\"data\":\"9159cedf-8ddd-4b32-9fc3-4a736f3f8973\"}', NULL, '0', 'admin', '2023-04-11 16:31:32');
INSERT INTO `sys_log` VALUES (231, '登录', 'com.xiaohai.system.controller.LoginController.login', 'POST', 'http://localhost:8089/api/login', '127.0.0.1', NULL, NULL, '[{\"username\":\"admin\",\"password\":\"123456\",\"rememberMe\":false}]', '{\"code\":200,\"msg\":\"登录成功！\",\"data\":\"93314eff-3588-4f7b-82af-af0a16a30803\"}', NULL, '0', 'admin', '2023-04-11 17:16:54');
INSERT INTO `sys_log` VALUES (232, '登录', 'com.xiaohai.system.controller.LoginController.login', 'POST', 'http://localhost:8089/api/login', '127.0.0.1', NULL, NULL, '[{\"username\":\"admin\",\"password\":\"123456\",\"rememberMe\":false}]', '{\"code\":200,\"msg\":\"登录成功！\",\"data\":\"4813827c-ed13-4ced-aa1f-5f2b6051d772\"}', NULL, '0', 'admin', '2023-04-11 17:17:14');
INSERT INTO `sys_log` VALUES (233, '登录', 'com.xiaohai.system.controller.LoginController.login', 'POST', 'http://localhost:8089/api/login', '127.0.0.1', NULL, NULL, '[{\"username\":\"admin\",\"password\":\"123456\",\"rememberMe\":false}]', '{\"code\":200,\"msg\":\"登录成功！\",\"data\":\"ef950442-3b3b-4f06-8e5d-ecf9cd7cfc55\"}', NULL, '0', 'admin', '2023-04-11 17:20:53');
INSERT INTO `sys_log` VALUES (234, '登录', 'com.xiaohai.system.controller.LoginController.login', 'POST', 'http://localhost:8089/api/login', '127.0.0.1', NULL, NULL, '[{\"username\":\"admin\",\"password\":\"123456\",\"rememberMe\":false}]', '{\"code\":200,\"msg\":\"登录成功！\",\"data\":\"6ed477bf-7570-44a8-81c1-d698239e1b22\"}', NULL, '0', 'admin', '2023-04-11 17:43:57');
INSERT INTO `sys_log` VALUES (235, '登录', 'com.xiaohai.system.controller.LoginController.login', 'POST', 'http://localhost:8089/api/login', '127.0.0.1', NULL, NULL, '[{\"username\":\"admin\",\"password\":\"123456\",\"rememberMe\":false}]', '{\"code\":200,\"msg\":\"登录成功！\",\"data\":\"dc442bbc-d2af-4045-9259-15df7e174bce\"}', NULL, '0', 'admin', '2023-04-11 17:44:14');
INSERT INTO `sys_log` VALUES (236, '登录', 'com.xiaohai.system.controller.LoginController.login', 'POST', 'http://localhost:8089/api/login', '127.0.0.1', NULL, NULL, '[{\"username\":\"admin\",\"password\":\"123456\",\"rememberMe\":false}]', '{\"code\":200,\"msg\":\"登录成功！\",\"data\":\"199ad13c-6805-4b9e-b31b-6ce3b039bd43\"}', NULL, '0', 'admin', '2023-04-11 17:44:55');
INSERT INTO `sys_log` VALUES (237, '登录', 'com.xiaohai.system.controller.LoginController.login', 'POST', 'http://localhost:8089/api/login', '127.0.0.1', NULL, NULL, '[{\"username\":\"admin\",\"password\":\"123456\",\"rememberMe\":false}]', '{\"code\":200,\"msg\":\"登录成功！\",\"data\":\"55db8c8e-d9f1-4d0f-93ed-f6f85b592b34\"}', NULL, '0', 'admin', '2023-04-11 17:47:50');
INSERT INTO `sys_log` VALUES (238, '登录', 'com.xiaohai.system.controller.LoginController.login', 'POST', 'http://localhost:8089/api/login', '127.0.0.1', 'Windows 10', 'Chrome 11', '[{\"username\":\"admin\",\"password\":\"123456\",\"rememberMe\":false}]', '{\"code\":200,\"msg\":\"登录成功！\",\"data\":\"f272c9be-6100-4fdc-9bdd-8b8d753c0819\"}', NULL, '0', 'admin', '2023-04-11 18:00:54');
INSERT INTO `sys_log` VALUES (239, '登录', 'com.xiaohai.system.controller.LoginController.login', 'POST', 'http://localhost:8089/api/login', '127.0.0.1', 'Windows 10', 'Chrome 11', '[{\"username\":\"admin\",\"password\":\"123456\",\"rememberMe\":false}]', '{\"code\":200,\"msg\":\"登录成功！\",\"data\":\"53c54ff9-91d1-4f3b-99fd-572790b0146d\"}', NULL, '0', 'admin', '2023-04-12 15:42:16');
INSERT INTO `sys_log` VALUES (240, '发送邮箱验证码', 'com.xiaohai.system.controller.LoginController.sendEmailCode', 'GET', 'http://localhost:8089/api/sendEmailCode', '127.0.0.1', 'Windows 10', 'Chrome 11', '[\"1372195290@qq.cpm\"]', '{\"code\":200,\"msg\":\"验证码已发送，请前往邮箱查看!\"}', NULL, '0', NULL, '2023-04-12 15:49:09');
INSERT INTO `sys_log` VALUES (241, '发送邮箱验证码', 'com.xiaohai.system.controller.LoginController.sendEmailCode', 'GET', 'http://localhost:8089/api/sendEmailCode', '127.0.0.1', 'Windows 10', 'Chrome 11', '[\"1372195290@qq.com\"]', '{\"code\":200,\"msg\":\"验证码已发送，请前往邮箱查看!\"}', NULL, '0', NULL, '2023-04-12 15:50:11');
INSERT INTO `sys_log` VALUES (242, '登录', 'com.xiaohai.system.controller.LoginController.login', 'POST', 'http://localhost:8089/api/login', '127.0.0.1', 'Windows 10', 'Chrome 11', '[{\"username\":\"admin\",\"password\":\"123456\",\"rememberMe\":false}]', NULL, 'Error in execution; nested exception is io.lettuce.core.RedisCommandExecutionException: ERR invalid expire time in setex', '1', NULL, '2023-04-12 16:23:54');
INSERT INTO `sys_log` VALUES (243, '登录', 'com.xiaohai.system.controller.LoginController.login', 'POST', 'http://localhost:8089/api/login', '127.0.0.1', 'Windows 10', 'Chrome 11', '[{\"username\":\"admin\",\"password\":\"123456\",\"rememberMe\":false}]', NULL, 'Error in execution; nested exception is io.lettuce.core.RedisCommandExecutionException: ERR invalid expire time in setex', '1', NULL, '2023-04-12 16:30:39');
INSERT INTO `sys_log` VALUES (244, '登录', 'com.xiaohai.system.controller.LoginController.login', 'POST', 'http://localhost:8089/api/login', '127.0.0.1', 'Windows 10', 'Chrome 11', '[{\"username\":\"admin\",\"password\":\"123456\",\"rememberMe\":false}]', NULL, 'Error in execution; nested exception is io.lettuce.core.RedisCommandExecutionException: ERR invalid expire time in setex', '1', NULL, '2023-04-12 16:35:29');
INSERT INTO `sys_log` VALUES (245, '登录', 'com.xiaohai.system.controller.LoginController.login', 'POST', 'http://localhost:8089/api/login', '127.0.0.1', 'Windows 10', 'Chrome 11', '[{\"username\":\"admin\",\"password\":\"123456\",\"rememberMe\":false}]', NULL, 'Error in execution; nested exception is io.lettuce.core.RedisCommandExecutionException: ERR invalid expire time in setex', '1', NULL, '2023-04-12 16:44:17');
INSERT INTO `sys_log` VALUES (246, '登录', 'com.xiaohai.system.controller.LoginController.login', 'POST', 'http://localhost:8089/api/login', '127.0.0.1', 'Windows 10', 'Chrome 11', '[{\"username\":\"admin\",\"password\":\"123456\",\"rememberMe\":false}]', '{\"code\":200,\"msg\":\"登录成功！\",\"data\":\"7ce97537-2624-416c-b04a-a4259acdefc5\"}', NULL, '0', 'admin', '2023-04-12 16:45:29');
INSERT INTO `sys_log` VALUES (247, '登录', 'com.xiaohai.system.controller.LoginController.login', 'POST', 'http://localhost:8089/api/login', '127.0.0.1', 'Windows 10', 'Chrome 11', '[{\"username\":\"admin\",\"password\":\"123456\",\"rememberMe\":false}]', '{\"code\":200,\"msg\":\"登录成功！\",\"data\":\"fb345188-7a95-4db5-bf84-273046816881\"}', NULL, '0', 'admin', '2023-04-12 17:46:48');
INSERT INTO `sys_log` VALUES (248, '登录', 'com.xiaohai.system.controller.LoginController.login', 'POST', 'http://172.16.100.46:8089/api/login', '172.16.100.46', 'Windows 10', 'Chrome 11', '[{\"username\":\"test\",\"password\":\"123456\",\"rememberMe\":false}]', '{\"code\":200,\"msg\":\"登录成功！\",\"data\":\"c1fb5db6-7887-4cc9-86f2-f1dd1f90a00a\"}', NULL, '0', 'test', '2023-04-12 18:00:06');
INSERT INTO `sys_log` VALUES (249, '登录', 'com.xiaohai.system.controller.LoginController.login', 'POST', 'http://172.16.100.46:8089/api/login', '172.16.100.46', 'Windows 10', 'Chrome 11', '[{\"username\":\"user\",\"password\":\"123456\",\"rememberMe\":false}]', '{\"code\":200,\"msg\":\"登录成功！\",\"data\":\"42d7fe87-115c-4877-b69e-c870bef395dd\"}', NULL, '0', 'user', '2023-04-12 18:00:13');
INSERT INTO `sys_log` VALUES (250, '登录', 'com.xiaohai.system.controller.LoginController.login', 'POST', 'http://localhost:8089/api/login', '127.0.0.1', 'Windows 10', 'Chrome 11', '[{\"username\":\"admin\",\"password\":\"123456\",\"rememberMe\":false}]', '{\"code\":200,\"msg\":\"登录成功！\",\"data\":\"236c2d05-0fdb-4848-beaf-99b732a7be29\"}', NULL, '0', 'admin', '2023-04-13 11:25:26');
INSERT INTO `sys_log` VALUES (251, '登录', 'com.xiaohai.system.controller.LoginController.login', 'POST', 'http://172.16.100.46:8089/api/login', '172.16.100.46', 'Windows 10', 'Chrome 11', '[{\"username\":\"user\",\"password\":\"123456\",\"rememberMe\":false}]', '{\"code\":200,\"msg\":\"登录成功！\",\"data\":\"1c1d0573-d5a9-4cc9-8d11-a3f0447e050a\"}', NULL, '0', 'user', '2023-04-13 11:53:41');
INSERT INTO `sys_log` VALUES (252, '登录', 'com.xiaohai.system.controller.LoginController.login', 'POST', 'http://172.16.100.46:8089/api/login', '172.16.100.46', 'Windows 10', 'Chrome 11', '[{\"username\":\"admin\",\"password\":\"123456\",\"rememberMe\":false}]', '{\"code\":200,\"msg\":\"登录成功！\",\"data\":\"c9861c03-2661-4b68-8b16-5c4c86a6df6f\"}', NULL, '0', 'admin', '2023-04-13 11:53:47');
INSERT INTO `sys_log` VALUES (253, '登录', 'com.xiaohai.system.controller.LoginController.login', 'POST', 'http://172.16.100.46:8089/api/login', '172.16.100.46', 'Windows 10', 'Chrome 11', '[{\"username\":\"test\",\"password\":\"123456\",\"rememberMe\":false}]', '{\"code\":200,\"msg\":\"登录成功！\",\"data\":\"baaa8dc2-2dec-4632-a45f-9f3567caa032\"}', NULL, '0', 'test', '2023-04-13 11:53:53');
INSERT INTO `sys_log` VALUES (254, '登录', 'com.xiaohai.system.controller.LoginController.login', 'POST', 'http://172.16.100.46:8089/api/login', '172.16.100.46', 'Windows 10', 'Chrome 11', '[{\"username\":\"test\",\"password\":\"123456\",\"rememberMe\":true}]', '{\"code\":200,\"msg\":\"登录成功！\",\"data\":\"2f1db1cd-ec37-4260-ae25-4a62e629fc54\"}', NULL, '0', 'test', '2023-04-13 11:54:31');
INSERT INTO `sys_log` VALUES (255, '退出在线用户', 'com.xiaohai.admin.monitor.ServerController.kickOut', 'DELETE', 'http://localhost:8089/api/monitor/server/on-line-user/2', '127.0.0.1', 'Windows 10', 'Chrome 11', '[\"2\"]', '{\"code\":200,\"msg\":\"退出在线用户成功！\",\"data\":\"2\"}', NULL, '0', 'admin', '2023-04-13 11:55:57');
INSERT INTO `sys_log` VALUES (256, '登录', 'com.xiaohai.system.controller.LoginController.login', 'POST', 'http://localhost:8089/api/login', '127.0.0.1', 'Windows 10', 'Chrome 11', '[{\"username\":\"admin\",\"password\":\"123456\",\"rememberMe\":false}]', '{\"code\":200,\"msg\":\"登录成功！\",\"data\":\"eb4e12dd-793f-44a6-b371-8bf0392e3465\"}', NULL, '0', 'admin', '2023-04-13 13:06:19');
INSERT INTO `sys_log` VALUES (257, '新增菜单权限', 'com.xiaohai.system.controller.MenuController.add', 'POST', 'http://localhost:8089/api/system/menu', '127.0.0.1', 'Windows 10', 'Chrome 11', '[{\"parentId\":8,\"icon\":\"\",\"menuSort\":0,\"menuName\":\"列表\",\"menuType\":\"F\",\"path\":\"\",\"component\":\"\",\"perms\":\"monitor:online:list\",\"status\":\"0\"}]', '{\"code\":200,\"msg\":\"新增菜单权限表成功！\",\"data\":1}', NULL, '0', 'admin', '2023-04-13 13:22:58');
INSERT INTO `sys_log` VALUES (258, '新增菜单权限', 'com.xiaohai.system.controller.MenuController.add', 'POST', 'http://localhost:8089/api/system/menu', '127.0.0.1', 'Windows 10', 'Chrome 11', '[{\"parentId\":8,\"icon\":\"\",\"menuSort\":1,\"menuName\":\"退出\",\"menuType\":\"F\",\"path\":\"\",\"component\":\"\",\"perms\":\"monitor:online:delete\",\"status\":\"0\"}]', '{\"code\":200,\"msg\":\"新增菜单权限表成功！\",\"data\":1}', NULL, '0', 'admin', '2023-04-13 13:23:18');
INSERT INTO `sys_log` VALUES (259, '更新角色', 'com.xiaohai.system.controller.RoleController.update', 'PUT', 'http://localhost:8089/api/system/role', '127.0.0.1', 'Windows 10', 'Chrome 11', '[{\"id\":1,\"code\":\"admin\",\"name\":\"管理员\",\"remarks\":\"可以管理所有东西\",\"status\":\"0\",\"menuIds\":[41,52,53,54,55,56,58,59,57,42,43,44,45,46,47,48,49,50,51,1,3,13,10,11,12,4,14,15,16,17,31,39,40,2,18,19,20,21,5,22,23,25,24,30,9,26,27,28,29,35,36,37,38,6,7,8,65,66,32,33,34]}]', '{\"code\":200,\"msg\":\"更新角色表成功！\",\"data\":1}', NULL, '0', 'admin', '2023-04-13 13:39:33');
INSERT INTO `sys_log` VALUES (260, '登录', 'com.xiaohai.system.controller.LoginController.login', 'POST', 'http://localhost:8089/api/login', '127.0.0.1', 'Windows 10', 'Chrome 11', '[{\"username\":\"admin\",\"password\":\"123456\",\"rememberMe\":false}]', '{\"code\":200,\"msg\":\"登录成功！\",\"data\":\"120767b6-de66-4d45-843d-e611beaff081\"}', NULL, '0', 'admin', '2023-04-13 17:27:56');
INSERT INTO `sys_log` VALUES (261, '登录', 'com.xiaohai.system.controller.LoginController.login', 'POST', 'http://localhost:8089/api/login', '127.0.0.1', 'Windows 10', 'Chrome 11', '[{\"username\":\"admin\",\"password\":\"123456\",\"rememberMe\":false}]', '{\"code\":200,\"msg\":\"登录成功！\",\"data\":\"291e51d2-df39-4f58-94eb-21c7afc0e17e\"}', NULL, '0', 'admin', '2023-04-14 10:26:36');
INSERT INTO `sys_log` VALUES (262, '登录', 'com.xiaohai.system.controller.LoginController.login', 'POST', 'http://localhost:8089/api/login', '127.0.0.1', 'Windows 10', 'Chrome 11', '[{\"username\":\"admin\",\"password\":\"123456\",\"rememberMe\":false}]', '{\"code\":200,\"msg\":\"登录成功！\",\"data\":\"6f6e2dbe-4b41-4068-b477-21672e6ebca8\"}', NULL, '0', 'admin', '2023-04-14 15:28:31');
INSERT INTO `sys_log` VALUES (263, '登录', 'com.xiaohai.system.controller.LoginController.login', 'POST', 'http://localhost:8089/api/login', '127.0.0.1', 'Windows 10', 'Chrome 11', '[{\"username\":\"admin\",\"password\":\"123456\",\"rememberMe\":false}]', '{\"code\":200,\"msg\":\"登录成功！\",\"data\":\"7f84de80-5a66-4825-a066-572dc77ae101\"}', NULL, '0', 'admin', '2023-04-14 15:29:40');
INSERT INTO `sys_log` VALUES (264, '登录', 'com.xiaohai.system.controller.LoginController.login', 'POST', 'http://localhost:8089/api/login', '127.0.0.1', 'Windows 10', 'Chrome 11', '[{\"username\":\"admin\",\"password\":\"123456\",\"rememberMe\":false}]', '{\"code\":200,\"msg\":\"登录成功！\",\"data\":\"c821d147-986e-44f5-852d-fc7b9e17c2ca\"}', NULL, '0', 'admin', '2023-04-14 15:34:12');
INSERT INTO `sys_log` VALUES (265, '登录', 'com.xiaohai.system.controller.LoginController.login', 'POST', 'http://localhost:8089/api/login', '127.0.0.1', 'Windows 10', 'Chrome 11', '[{\"username\":\"admin\",\"password\":\"123456\",\"rememberMe\":false}]', '{\"code\":200,\"msg\":\"登录成功！\",\"data\":\"ff975ad4-7818-4325-8a2b-e5d37d228020\"}', NULL, '0', 'admin', '2023-04-14 16:49:11');
INSERT INTO `sys_log` VALUES (266, '登录', 'com.xiaohai.system.controller.LoginController.login', 'POST', 'http://localhost:8089/api/login', '127.0.0.1', 'Windows 10', 'Chrome 11', '[{\"username\":\"admin\",\"password\":\"123456\",\"rememberMe\":false}]', '{\"code\":200,\"msg\":\"登录成功！\",\"data\":\"17e29d9b-c979-4458-a735-8991c581bac8\"}', NULL, '0', 'admin', '2023-04-14 17:55:41');
INSERT INTO `sys_log` VALUES (267, '登录', 'com.xiaohai.system.controller.LoginController.login', 'POST', 'http://localhost:8089/api/login', '127.0.0.1', 'Windows 10', 'Chrome 11', '[{\"username\":\"admin\",\"password\":\"123456\",\"rememberMe\":false}]', '{\"code\":200,\"msg\":\"登录成功！\",\"data\":\"b8f6e89a-8e36-4fc7-8bf4-ad24ac70b41d\"}', NULL, '0', 'admin', '2023-04-17 10:58:01');
INSERT INTO `sys_log` VALUES (268, '登录', 'com.xiaohai.system.controller.LoginController.login', 'POST', 'http://localhost:8089/api/login', '127.0.0.1', 'Windows 10', 'Chrome 11', '[{\"username\":\"admin\",\"password\":\"123456\",\"rememberMe\":false}]', '{\"code\":200,\"msg\":\"登录成功！\",\"data\":\"fb82264f-1f3b-4375-8eb2-49c240c68fbb\"}', NULL, '0', 'admin', '2023-04-17 11:58:17');
INSERT INTO `sys_log` VALUES (269, '登录', 'com.xiaohai.system.controller.LoginController.login', 'POST', 'http://localhost:8089/api/login', '127.0.0.1', 'Windows 10', 'Chrome 11', '[{\"username\":\"admin\",\"password\":\"123456\",\"rememberMe\":false}]', '{\"code\":200,\"msg\":\"登录成功！\",\"data\":\"5df9f1c9-2104-4f8a-969b-3eb0631e005b\"}', NULL, '0', 'admin', '2023-04-17 13:14:08');
INSERT INTO `sys_log` VALUES (270, '登录', 'com.xiaohai.system.controller.LoginController.login', 'POST', 'http://localhost:8089/api/login', '127.0.0.1', 'Windows 10', 'Chrome 11', '[{\"username\":\"admin\",\"password\":\"123456\",\"rememberMe\":false}]', '{\"code\":200,\"msg\":\"登录成功！\",\"data\":\"2a7333c0-5b59-4853-ad3d-9ece65adaa37\"}', NULL, '0', 'admin', '2023-04-17 14:17:16');
INSERT INTO `sys_log` VALUES (271, '是否发布', 'com.xiaohai.note.controller.ArticleController.push', 'PUT', 'http://localhost:8089/api/note/article/push/1', '127.0.0.1', 'Windows 10', 'Chrome 11', '[1]', '{\"code\":200,\"msg\":\"调整成功！\",\"data\":1}', NULL, '0', 'admin', '2023-04-17 14:48:23');
INSERT INTO `sys_log` VALUES (272, '是否发布', 'com.xiaohai.note.controller.ArticleController.push', 'PUT', 'http://localhost:8089/api/note/article/push/1', '127.0.0.1', 'Windows 10', 'Chrome 11', '[1]', '{\"code\":200,\"msg\":\"调整成功！\",\"data\":1}', NULL, '0', 'admin', '2023-04-17 14:48:33');
INSERT INTO `sys_log` VALUES (273, '是否发布', 'com.xiaohai.note.controller.ArticleController.push', 'PUT', 'http://localhost:8089/api/note/article/push/2', '127.0.0.1', 'Windows 10', 'Chrome 11', '[2]', '{\"code\":200,\"msg\":\"调整成功！\",\"data\":1}', NULL, '0', 'admin', '2023-04-17 14:48:34');
INSERT INTO `sys_log` VALUES (274, '是否发布', 'com.xiaohai.note.controller.ArticleController.push', 'PUT', 'http://localhost:8089/api/note/article/push/2', '127.0.0.1', 'Windows 10', 'Chrome 11', '[2]', '{\"code\":200,\"msg\":\"调整成功！\",\"data\":1}', NULL, '0', 'admin', '2023-04-17 14:52:21');
INSERT INTO `sys_log` VALUES (275, '是否发布', 'com.xiaohai.note.controller.ArticleController.push', 'PUT', 'http://localhost:8089/api/note/article/push/2', '127.0.0.1', 'Windows 10', 'Chrome 11', '[2]', '{\"code\":200,\"msg\":\"调整成功！\",\"data\":1}', NULL, '0', 'admin', '2023-04-17 14:52:40');
INSERT INTO `sys_log` VALUES (276, '登录', 'com.xiaohai.system.controller.LoginController.login', 'POST', 'http://localhost:8089/api/login', '127.0.0.1', 'Windows 10', 'Chrome 11', '[{\"username\":\"admin\",\"password\":\"123456\",\"rememberMe\":false}]', '{\"code\":200,\"msg\":\"登录成功！\",\"data\":\"584e4702-ec75-417e-802a-f79aebcffaa4\"}', NULL, '0', 'admin', '2023-04-17 15:36:14');
INSERT INTO `sys_log` VALUES (277, '登录', 'com.xiaohai.system.controller.LoginController.login', 'POST', 'http://localhost:8089/api/login', '127.0.0.1', 'Windows 10', 'Chrome 11', '[{\"username\":\"admin\",\"password\":\"123456\",\"rememberMe\":false}]', '{\"code\":200,\"msg\":\"登录成功！\",\"data\":\"cf9993fd-f825-47a1-8d89-5202c0199cae\"}', NULL, '0', 'admin', '2023-04-17 16:46:48');
INSERT INTO `sys_log` VALUES (278, '获取随机图片(必应)', 'com.xiaohai.note.controller.ArticleController.wallpaper', 'GET', 'http://localhost:8089/api/note/article/bing-wallpaper', '127.0.0.1', 'Windows 10', 'Chrome 11', '[]', '{\"code\":200,\"msg\":\"获取随机图片成功！\",\"data\":\"/image/1/20230413.jpg\"}', NULL, '0', 'admin', '2023-04-17 17:08:29');
INSERT INTO `sys_log` VALUES (279, '更新文章', 'com.xiaohai.note.controller.ArticleController.update', 'PUT', 'http://localhost:8089/api/note/article', '127.0.0.1', 'Windows 10', 'Chrome 11', '[{\"id\":3,\"title\":\"测试222\",\"categoryId\":2,\"tags\":[1,2],\"cover\":\"/image/1/20230413.jpg\",\"isTop\":0,\"isPush\":1,\"isOriginal\":0,\"originalUrl\":\"\",\"text\":\"是大V发SV地方\\n# 是是是 \"}]', '{\"code\":200,\"msg\":\"更新文章成功！\",\"data\":1}', NULL, '0', 'admin', '2023-04-17 17:08:34');
INSERT INTO `sys_log` VALUES (280, '更新文章', 'com.xiaohai.note.controller.ArticleController.update', 'PUT', 'http://localhost:8089/api/note/article', '127.0.0.1', 'Windows 10', 'Chrome 11', '[{\"id\":3,\"title\":\"测试222\",\"categoryId\":2,\"tags\":[1,2],\"cover\":\"/image/1/20230413.jpg\",\"isTop\":0,\"isPush\":1,\"isOriginal\":0,\"originalUrl\":\"\",\"text\":\"是大V发SV地方\\n# 是是是 \"}]', '{\"code\":200,\"msg\":\"更新文章成功！\",\"data\":1}', NULL, '0', 'admin', '2023-04-17 17:14:11');
INSERT INTO `sys_log` VALUES (281, '登录', 'com.xiaohai.system.controller.LoginController.login', 'POST', 'http://localhost:8089/api/login', '127.0.0.1', 'Windows 10', 'Chrome 11', '[{\"username\":\"admin\",\"password\":\"123456\",\"rememberMe\":false}]', '{\"code\":200,\"msg\":\"登录成功！\",\"data\":\"9c22e006-2e7f-4144-842a-953227cb88d6\"}', NULL, '0', 'admin', '2023-04-17 17:51:12');
INSERT INTO `sys_log` VALUES (282, '登录', 'com.xiaohai.system.controller.LoginController.login', 'POST', 'http://localhost:8089/api/login', '127.0.0.1', 'Windows 10', 'Chrome 11', '[{\"username\":\"admin\",\"password\":\"123456\",\"rememberMe\":false}]', '{\"code\":200,\"msg\":\"登录成功！\",\"data\":\"07bee61a-58be-4830-b223-1c4bf13fde74\"}', NULL, '0', 'admin', '2023-04-18 09:03:11');
INSERT INTO `sys_log` VALUES (283, '登录', 'com.xiaohai.system.controller.LoginController.login', 'POST', 'http://localhost:8089/api/login', '127.0.0.1', 'Windows 10', 'Chrome 11', '[{\"username\":\"admin\",\"password\":\"123456\",\"rememberMe\":false}]', '{\"code\":200,\"msg\":\"登录成功！\",\"data\":\"00ba6f64-ca18-492c-ad96-1400060c9aac\"}', NULL, '0', 'admin', '2023-04-21 21:41:02');
INSERT INTO `sys_log` VALUES (284, '登录', 'com.xiaohai.system.controller.LoginController.login', 'POST', 'http://localhost:8089/api/login', '127.0.0.1', 'Windows 10', 'Chrome 11', '[{\"username\":\"admin\",\"password\":\"123456\",\"rememberMe\":false}]', '{\"code\":200,\"msg\":\"登录成功！\",\"data\":\"7d7ceeba-a868-41ed-9c9a-dfc0a5caf575\"}', NULL, '0', 'admin', '2023-04-21 23:32:24');
INSERT INTO `sys_log` VALUES (285, '登录', 'com.xiaohai.system.controller.LoginController.login', 'POST', 'http://localhost:8089/api/login', '127.0.0.1', 'Windows 10', 'Chrome 11', '[{\"username\":\"admin\",\"password\":\"123456\",\"rememberMe\":false}]', '{\"code\":200,\"msg\":\"登录成功！\",\"data\":\"6058d4ed-6fcb-443b-ba70-603b0f88a0ad\"}', NULL, '0', 'admin', '2023-04-26 20:13:46');
INSERT INTO `sys_log` VALUES (286, '获取随机图片(必应)', 'com.xiaohai.note.controller.ArticleController.wallpaper', 'GET', 'http://localhost:8089/api/note/article/bing-wallpaper', '127.0.0.1', 'Windows 10', 'Chrome 11', '[]', '{\"code\":200,\"msg\":\"获取随机图片成功！\",\"data\":\"/image/1/20230418.jpg\"}', NULL, '0', 'admin', '2023-04-26 20:24:47');
INSERT INTO `sys_log` VALUES (287, '更新文章', 'com.xiaohai.note.controller.ArticleController.update', 'PUT', 'http://localhost:8089/api/note/article', '127.0.0.1', 'Windows 10', 'Chrome 11', '[{\"id\":3,\"title\":\"测试222\",\"categoryId\":2,\"tags\":[1,2],\"cover\":\"/image/1/20230418.jpg\",\"isTop\":0,\"isPush\":1,\"isOriginal\":0,\"originalUrl\":\"\",\"text\":\"是大V发SV地方\\n# 是是是 \"}]', '{\"code\":200,\"msg\":\"更新文章成功！\",\"data\":1}', NULL, '0', 'admin', '2023-04-26 20:24:48');
INSERT INTO `sys_log` VALUES (288, '更新文章', 'com.xiaohai.note.controller.ArticleController.update', 'PUT', 'http://localhost:8089/api/note/article', '127.0.0.1', 'Windows 10', 'Chrome 11', '[{\"id\":1,\"title\":\"测试\",\"summary\":\"这是简介\",\"categoryId\":1,\"tags\":[1],\"cover\":\"/image/1/20230401.jpg\",\"isTop\":1,\"isPush\":1,\"isOriginal\":1,\"originalUrl\":\"\",\"text\":\"StpUtil.getLoginId()\"}]', '{\"code\":400,\"msg\":\"已存在顶置\"}', NULL, '0', 'admin', '2023-04-26 20:51:00');
INSERT INTO `sys_log` VALUES (289, '更新文章', 'com.xiaohai.note.controller.ArticleController.update', 'PUT', 'http://localhost:8089/api/note/article', '127.0.0.1', 'Windows 10', 'Chrome 11', '[{\"id\":1,\"title\":\"测试\",\"summary\":\"这是简介\",\"categoryId\":1,\"tags\":[1],\"cover\":\"/image/1/20230401.jpg\",\"isTop\":1,\"isPush\":1,\"isOriginal\":1,\"originalUrl\":\"\",\"text\":\"StpUtil.getLoginId()\"}]', '{\"code\":400,\"msg\":\"已存在顶置\"}', NULL, '0', 'admin', '2023-04-26 20:51:09');
INSERT INTO `sys_log` VALUES (290, '更新文章', 'com.xiaohai.note.controller.ArticleController.update', 'PUT', 'http://localhost:8089/api/note/article', '127.0.0.1', 'Windows 10', 'Chrome 11', '[{\"id\":1,\"title\":\"测试\",\"summary\":\"这是简介\",\"categoryId\":1,\"tags\":[1],\"cover\":\"/image/1/20230401.jpg\",\"isTop\":1,\"isPush\":1,\"isOriginal\":1,\"originalUrl\":\"\",\"text\":\"StpUtil.getLoginId()\"}]', '{\"code\":200,\"msg\":\"更新文章成功！\",\"data\":1}', NULL, '0', 'admin', '2023-04-26 20:52:57');
INSERT INTO `sys_log` VALUES (291, '更新文章', 'com.xiaohai.note.controller.ArticleController.update', 'PUT', 'http://localhost:8089/api/note/article', '127.0.0.1', 'Windows 10', 'Chrome 11', '[{\"id\":1,\"title\":\"测试\",\"summary\":\"这是简介\",\"categoryId\":1,\"tags\":[1],\"cover\":\"/image/1/20230401.jpg\",\"isTop\":1,\"isPush\":1,\"isOriginal\":1,\"originalUrl\":\"\",\"text\":\"StpUtil.getLoginId()\"}]', '{\"code\":200,\"msg\":\"更新文章成功！\",\"data\":1}', NULL, '0', 'admin', '2023-04-26 20:53:18');
INSERT INTO `sys_log` VALUES (292, '登录', 'com.xiaohai.system.controller.LoginController.login', 'POST', 'http://localhost:8089/api/login', '127.0.0.1', 'Windows 10', 'Chrome 11', '[{\"username\":\"admin\",\"password\":\"123456\",\"rememberMe\":false}]', '{\"code\":200,\"msg\":\"登录成功！\",\"data\":\"fd7a7b95-43ff-4600-bd73-8318414aad32\"}', NULL, '0', 'admin', '2023-04-26 21:53:56');
INSERT INTO `sys_log` VALUES (293, '登录', 'com.xiaohai.system.controller.LoginController.login', 'POST', 'http://localhost:8089/api/login', '127.0.0.1', 'Windows 10', 'Chrome 11', '[{\"username\":\"admin\",\"password\":\"123456\",\"rememberMe\":false}]', '{\"code\":200,\"msg\":\"登录成功！\",\"data\":\"a3e3977b-8df5-4d9b-a0b2-640a991bb72c\"}', NULL, '0', 'admin', '2023-04-30 08:31:37');
INSERT INTO `sys_log` VALUES (294, '登录', 'com.xiaohai.system.controller.LoginController.login', 'POST', 'http://localhost:8089/api/login', '127.0.0.1', 'Windows 10', 'Chrome 11', '[{\"username\":\"admin\",\"password\":\"123456\",\"rememberMe\":false}]', '{\"code\":200,\"msg\":\"登录成功！\",\"data\":\"08664862-8e2e-4645-9b52-0245365a3fb0\"}', NULL, '0', 'admin', '2023-04-30 19:09:04');
INSERT INTO `sys_log` VALUES (295, '登录', 'com.xiaohai.system.controller.LoginController.login', 'POST', 'http://localhost:8089/api/login', '127.0.0.1', 'Windows 10', 'Chrome 11', '[{\"username\":\"admin\",\"password\":\"123456\",\"rememberMe\":false}]', '{\"code\":200,\"msg\":\"登录成功！\",\"data\":\"48a19f9f-d3ff-442d-be34-440da68d6f3f\"}', NULL, '0', 'admin', '2023-04-30 20:18:01');
INSERT INTO `sys_log` VALUES (296, '更新文章', 'com.xiaohai.note.controller.ArticleController.update', 'PUT', 'http://localhost:8089/api/note/article', '127.0.0.1', 'Windows 10', 'Chrome 11', '[{\"id\":3,\"title\":\"测试222\",\"summary\":\"ah\",\"categoryId\":2,\"tags\":[1,2],\"cover\":\"/image/1/20230418.jpg\",\"isTop\":0,\"isPush\":1,\"isOriginal\":0,\"originalUrl\":\"\",\"text\":\"是大V发SV地方\\n# 是是是 \"}]', '{\"code\":200,\"msg\":\"更新文章成功！\",\"data\":1}', NULL, '0', 'admin', '2023-04-30 20:18:15');
INSERT INTO `sys_log` VALUES (297, '登录', 'com.xiaohai.system.controller.LoginController.login', 'POST', 'http://localhost:8089/api/login', '127.0.0.1', 'Windows 10', 'Chrome 11', '[{\"username\":\"admin\",\"password\":\"123456\",\"rememberMe\":false}]', '{\"code\":200,\"msg\":\"登录成功！\",\"data\":\"5c273ec4-dc1b-4613-9f0d-7929271dc3d5\"}', NULL, '0', 'admin', '2023-05-01 10:21:43');
INSERT INTO `sys_log` VALUES (298, '获取随机图片(必应)', 'com.xiaohai.note.controller.ArticleController.wallpaper', 'GET', 'http://localhost:8089/api/note/article/bing-wallpaper', '127.0.0.1', 'Windows 10', 'Chrome 11', '[]', '{\"code\":200,\"msg\":\"获取随机图片成功！\",\"data\":\"/image/1/20230424.jpg\"}', NULL, '0', 'admin', '2023-05-01 10:22:32');
INSERT INTO `sys_log` VALUES (299, '新增文章', 'com.xiaohai.note.controller.ArticleController.add', 'POST', 'http://localhost:8089/api/note/article', '127.0.0.1', 'Windows 10', 'Chrome 11', '[{\"title\":\"Linux  挂载ntfs硬盘\",\"summary\":\"Linux  挂载ntfs硬盘\",\"categoryId\":1,\"tags\":[2],\"cover\":\"/image/1/20230424.jpg\",\"isTop\":0,\"isPush\":1,\"isOriginal\":0,\"originalUrl\":\"\",\"text\":\" #  Linux  挂载ntfs硬盘\\n\\n如果直接在Centos 7上插u盘或移动硬盘，有可能该设备会无法挂载，原因是Centos默认不支持ntfs文件格式，一般来说安装 ntfs-3g即可如下所示：\\n```\\n#yum install ntfs-3g -y\\n```\\n\\n或者\\n\\n```\\n#yum install ntfs* -y\\n```\\n\\n但是有时会出现 nothing to do 或者 no package ntfs-3g available 提示，此时yum安装失败\\n\\n这是因为这些软件包没有正式获得任何的CentOS或Red Hat的支持，使用yum搜索某些rpm包，找不到包是因为CentOS是RedHat企业版编译过来的，去掉了所有关于版权问题的东西。安装EPEL后可以很好的解决这个问题。EPEL(Extra Packages for Enterprise Linux )即企业版Linux的扩展包，提供了很多可共Centos使用的组件，安装完这个以后基本常用的rpm都可以找到。\\n\\n```\\n#yum install epel-release -y\\n```\\n\\nEPEL安装完成之后再执行nifs-3g的安装\\n\\n```\\n#yum install ntfs-3g -y\\n```\\n\\n现在就可以进行挂载硬盘了，插入硬盘，查看硬盘信息\\n\\n```\\nfdisk -l\\n```\\n\\n\\n\\n根据详细信息个，挂着自己想要的硬盘\\n\\n```\\nmount -t ntfs-3g /dev/sdb1 /mnt/data\\n```\\n\\n开机自动挂载NTFS（当然 如果不希望自动挂载的，可以不做这一步。）\\n\\n更改 /etc/fstab,更改前备份下 cp /etc/fstab /etc/fstab.bak\\n\\n```\\nvim /etc/fstab\\n\\n/dev/sdb1 /mnt/data ntfs-3g defaults 0 0\\n```\\n\\n\\n\\n取消挂载\\n\\n```\\numount /mnt/data\\n```\\n\"}]', '{\"code\":200,\"msg\":\"新增文章成功！\",\"data\":1}', NULL, '0', 'admin', '2023-05-01 10:22:55');
INSERT INTO `sys_log` VALUES (300, '登录', 'com.xiaohai.system.controller.LoginController.login', 'POST', 'http://localhost:8089/api/login', '127.0.0.1', 'Windows 10', 'Chrome 11', '[{\"username\":\"admin\",\"password\":\"123456\",\"rememberMe\":false}]', '{\"code\":200,\"msg\":\"登录成功！\",\"data\":\"a951e95c-2959-4805-954c-ee85033ac3b8\"}', NULL, '0', 'admin', '2023-05-01 15:53:21');
INSERT INTO `sys_log` VALUES (301, '更新用户', 'com.xiaohai.system.controller.UserController.update', 'PUT', 'http://localhost:8089/api/system/user', '127.0.0.1', 'Windows 10', 'Chrome 11', '[{\"id\":1,\"username\":\"admin\",\"nickName\":\"管理员\",\"gender\":\"1\",\"avatar\":\"/avatar/1/1682927828059.png\",\"qqNumber\":\"1\",\"weChat\":\"1\",\"mobile\":\"15677777777\",\"summary\":\"1\",\"status\":\"0\",\"roleIds\":[1]}]', '{\"code\":200,\"msg\":\"更新用户表成功！\",\"data\":1}', NULL, '0', 'admin', '2023-05-01 15:57:08');
INSERT INTO `sys_log` VALUES (302, '登录', 'com.xiaohai.system.controller.LoginController.login', 'POST', 'http://localhost:8089/api/login', '127.0.0.1', 'Windows 10', 'Chrome 11', '[{\"username\":\"admin\",\"password\":\"123456\",\"rememberMe\":false}]', '{\"code\":200,\"msg\":\"登录成功！\",\"data\":\"57733312-d0d6-4d4b-98b9-3d550e2900cf\"}', NULL, '0', 'admin', '2023-05-02 10:24:43');
INSERT INTO `sys_log` VALUES (303, '登录', 'com.xiaohai.system.controller.LoginController.login', 'POST', 'http://localhost:8089/api/login', '127.0.0.1', 'Windows 10', 'Chrome 11', '[{\"username\":\"admin\",\"password\":\"123456\",\"rememberMe\":false}]', '{\"code\":200,\"msg\":\"登录成功！\",\"data\":\"a27e8f65-0e59-44ed-971d-04e9af686f36\"}', NULL, '0', 'admin', '2023-05-04 16:04:39');
INSERT INTO `sys_log` VALUES (304, '登录', 'com.xiaohai.system.controller.LoginController.login', 'POST', 'http://localhost:8089/api/login', '127.0.0.1', 'Windows 10', 'Chrome 11', '[{\"username\":\"admin\",\"password\":\"123456\",\"rememberMe\":false}]', '{\"code\":200,\"msg\":\"登录成功！\",\"data\":\"5f8ee429-e071-4e4d-adc8-5340228ac11f\"}', NULL, '0', 'admin', '2023-05-08 14:19:46');
INSERT INTO `sys_log` VALUES (305, '获取随机图片(必应)', 'com.xiaohai.note.controller.ArticleController.wallpaper', 'GET', 'http://localhost:8089/api/note/article/bing-wallpaper', '127.0.0.1', 'Windows 10', 'Chrome 11', '[]', '{\"code\":200,\"msg\":\"获取随机图片成功！\",\"data\":\"/image/1/20230503.jpg\"}', NULL, '0', 'admin', '2023-05-08 14:21:20');
INSERT INTO `sys_log` VALUES (306, '登录', 'com.xiaohai.system.controller.LoginController.login', 'POST', 'http://localhost:8089/api/login', '127.0.0.1', 'Windows 10', 'Chrome 11', '[{\"username\":\"admin\",\"password\":\"123456\",\"rememberMe\":false}]', '{\"code\":200,\"msg\":\"登录成功！\",\"data\":\"f05c841a-dcc7-4a96-801a-45a6e9260781\"}', NULL, '0', 'admin', '2023-05-09 09:30:59');
INSERT INTO `sys_log` VALUES (307, '登录', 'com.xiaohai.system.controller.LoginController.login', 'POST', 'http://localhost:8089/api/login', '127.0.0.1', 'Windows 10', 'Chrome 11', '[{\"username\":\"admin\",\"password\":\"123456\",\"rememberMe\":false}]', '{\"code\":200,\"msg\":\"登录成功！\",\"data\":\"8a296f02-aa11-43ca-b982-e0081431c425\"}', NULL, '0', 'admin', '2023-05-09 13:52:03');
INSERT INTO `sys_log` VALUES (308, '新增标签', 'com.xiaohai.note.controller.TagsController.add', 'POST', 'http://localhost:8089/api/note/tags', '127.0.0.1', 'Windows 10', 'Chrome 11', '[{\"name\":\"vue\",\"sort\":2,\"status\":\"0\"}]', '{\"code\":200,\"msg\":\"新增标签成功！\",\"data\":1}', NULL, '0', 'admin', '2023-05-09 13:52:28');
INSERT INTO `sys_log` VALUES (309, '更新标签', 'com.xiaohai.note.controller.TagsController.update', 'PUT', 'http://localhost:8089/api/note/tags', '127.0.0.1', 'Windows 10', 'Chrome 11', '[{\"id\":3,\"name\":\"Vue\",\"click\":0,\"sort\":2,\"status\":\"0\"}]', '{\"code\":200,\"msg\":\"更新标签成功！\",\"data\":1}', NULL, '0', 'admin', '2023-05-09 13:52:43');
INSERT INTO `sys_log` VALUES (310, '获取随机图片(必应)', 'com.xiaohai.note.controller.ArticleController.wallpaper', 'GET', 'http://localhost:8089/api/note/article/bing-wallpaper', '127.0.0.1', 'Windows 10', 'Chrome 11', '[]', '{\"code\":200,\"msg\":\"获取随机图片成功！\",\"data\":\"/image/1/20230506.jpg\"}', NULL, '0', 'admin', '2023-05-09 13:53:38');
INSERT INTO `sys_log` VALUES (311, '新增文章', 'com.xiaohai.note.controller.ArticleController.add', 'POST', 'http://localhost:8089/api/note/article', '127.0.0.1', 'Windows 10', 'Chrome 11', '[{\"title\":\"动态路由页面不刷新\",\"summary\":\"相同的组件实例将被重复使用生命周期钩子不会被调用\",\"categoryId\":1,\"tags\":[3],\"cover\":\"/image/1/20230506.jpg\",\"isTop\":0,\"isPush\":1,\"isOriginal\":0,\"originalUrl\":\"\",\"text\":\"---\\ntitle: 动态路由页面不刷新\\ndate: 2023-05-09 13:07:09\\ntags: vue\\ncategories: vue\\ncover:\\n---\\n\\n## 问题如图\\n\\n\\n\\n官方解释如下：\\n\\n\\n使用带有参数的路由时需要注意的是，当用户从 `/users/johnny` 导航到 `/users/jolyne` 时，**相同的组件实例将被重复使用**。因为两个路由都渲染同个组件，比起销毁再创建，复用则显得更加高效。**不过，这也意味着组件的生命周期钩子不会被调用**。\\n\\n要对同一个组件中参数的变化做出响应的话，你可以简单地 watch `$route` 对象上的任意属性，在这个场景中，就是 `$route.params` \\n\\n```js\\nconst User = {\\n  template: \'...\',\\n  created() {\\n    this.$watch(\\n      () => this.$route.params,\\n      (toParams, previousParams) => {\\n        // 对路由变化做出响应...\\n      }\\n    )\\n  },\\n}\\n```\\n\\n或者，使用 `beforeRouteUpdate` [导航守卫](https://router.vuejs.org/zh/guide/advanced/navigation-guards.html)，它也可以取消导航：\\n\\n```js\\nconst User = {\\n  template: \'...\',\\n  async beforeRouteUpdate(to, from) {\\n    // 对路由变化做出响应...\\n    this.userData = await fetchUser(to.params.id)\\n  },\\n}\\n```\\n\\n根据vue Router官方文档解释可知道**相同的组件实例将被重复使用生命周期钩子不会被调用**，这也是问题所以在。\\n\\n## 解决\\n\\n在Vue 3中，可以使用`watch`函数来监听$route对象的变化。以下是一个示例代码：\\n\\n```js\\n<script setup lang=\\\"ts\\\">\\nimport { useRoute } from \'vue-router\'\\nconst route = useRoute()\\n\\nonMounted(async () => {\\n  // 监听$route对象上的参数属性变化\\n  watch(\\n    () => route.params.id,\\n    (newId, oldId) => {\\n      if (newId !== oldId) {\\n        // 如果发生变化重新载入\\n        window.location.reload()\\n      }\\n    }\\n  )\\n})\\n</script>\\n```\\n\\n## 参考\\n\\n[Vue Router](https://router.vuejs.org/zh/guide/essentials/dynamic-matching.html#%E5%93%8D%E5%BA%94%E8%B7%AF%E7%94%B1%E5%8F%82%E6%95%B0%E7%9A%84%E5%8F%98%E5%8C%96)\\n\"}]', '{\"code\":200,\"msg\":\"新增文章成功！\",\"data\":1}', NULL, '0', 'admin', '2023-05-09 13:53:40');
INSERT INTO `sys_log` VALUES (312, '更新文章', 'com.xiaohai.note.controller.ArticleController.update', 'PUT', 'http://localhost:8089/api/note/article', '127.0.0.1', 'Windows 10', 'Chrome 11', '[{\"id\":6,\"title\":\"动态路由页面不刷新\",\"summary\":\"相同的组件实例将被重复使用生命周期钩子不会被调用\",\"categoryId\":1,\"tags\":[3],\"cover\":\"/image/1/20230506.jpg\",\"isTop\":0,\"isPush\":1,\"isOriginal\":0,\"originalUrl\":\"\",\"text\":\"\\n\\n## 问题如图\\n\\n![1683610878744.png](../image/1/1683611655538.png)\\n\\n官方解释如下：\\n\\n\\n使用带有参数的路由时需要注意的是，当用户从 `/users/johnny` 导航到 `/users/jolyne` 时，**相同的组件实例将被重复使用**。因为两个路由都渲染同个组件，比起销毁再创建，复用则显得更加高效。**不过，这也意味着组件的生命周期钩子不会被调用**。\\n\\n要对同一个组件中参数的变化做出响应的话，你可以简单地 watch `$route` 对象上的任意属性，在这个场景中，就是 `$route.params` \\n\\n```js\\nconst User = {\\n  template: \'...\',\\n  created() {\\n    this.$watch(\\n      () => this.$route.params,\\n      (toParams, previousParams) => {\\n        // 对路由变化做出响应...\\n      }\\n    )\\n  },\\n}\\n```\\n\\n或者，使用 `beforeRouteUpdate` [导航守卫](https://router.vuejs.org/zh/guide/advanced/navigation-guards.html)，它也可以取消导航：\\n\\n```js\\nconst User = {\\n  template: \'...\',\\n  async beforeRouteUpdate(to, from) {\\n    // 对路由变化做出响应...\\n    this.userData = await fetchUser(to.params.id)\\n  },\\n}\\n```\\n\\n根据vue Router官方文档解释可知道**相同的组件实例将被重复使用生命周期钩子不会被调用**，这也是问题所以在。\\n\\n## 解决\\n\\n在Vue 3中，可以使用`watch`函数来监听$route对象的变化。以下是一个示例代码：\\n\\n```js\\n<script setup lang=\\\"ts\\\">\\nimport { useRoute } from \'vue-router\'\\nconst route = useRoute()\\n\\nonMounted(async () => {\\n  // 监听$route对象上的参数属性变化\\n  watch(\\n    () => route.params.id,\\n    (newId, oldId) => {\\n      if (newId !== oldId) {\\n        // 如果发生变化重新载入\\n        window.location.reload()\\n      }\\n    }\\n  )\\n})\\n</script>\\n```\\n\\n## 参考\\n\\n[Vue Router](https://router.vuejs.org/zh/guide/essentials/dynamic-matching.html#%E5%93%8D%E5%BA%94%E8%B7%AF%E7%94%B1%E5%8F%82%E6%95%B0%E7%9A%84%E5%8F%98%E5%8C%96)\\n\"}]', '{\"code\":200,\"msg\":\"更新文章成功！\",\"data\":1}', NULL, '0', 'admin', '2023-05-09 13:54:21');
INSERT INTO `sys_log` VALUES (313, '更新文章', 'com.xiaohai.note.controller.ArticleController.update', 'PUT', 'http://localhost:8089/api/note/article', '127.0.0.1', 'Windows 10', 'Chrome 11', '[{\"id\":6,\"title\":\"vue相同的组件实例间跳转页面不刷新，即路径参数更改\",\"summary\":\"相同的组件实例将被重复使用生命周期钩子不会被调用\",\"categoryId\":1,\"tags\":[3],\"cover\":\"/image/1/20230506.jpg\",\"isTop\":0,\"isPush\":1,\"isOriginal\":0,\"originalUrl\":\"\",\"text\":\"\\n\\n## 问题如图\\n\\n![1683610878744.png](../image/1/1683611655538.png)\\n\\n官方解释如下：\\n\\n\\n使用带有参数的路由时需要注意的是，当用户从 `/users/johnny` 导航到 `/users/jolyne` 时，**相同的组件实例将被重复使用**。因为两个路由都渲染同个组件，比起销毁再创建，复用则显得更加高效。**不过，这也意味着组件的生命周期钩子不会被调用**。\\n\\n要对同一个组件中参数的变化做出响应的话，你可以简单地 watch `$route` 对象上的任意属性，在这个场景中，就是 `$route.params` \\n\\n```js\\nconst User = {\\n  template: \'...\',\\n  created() {\\n    this.$watch(\\n      () => this.$route.params,\\n      (toParams, previousParams) => {\\n        // 对路由变化做出响应...\\n      }\\n    )\\n  },\\n}\\n```\\n\\n或者，使用 `beforeRouteUpdate` [导航守卫](https://router.vuejs.org/zh/guide/advanced/navigation-guards.html)，它也可以取消导航：\\n\\n```js\\nconst User = {\\n  template: \'...\',\\n  async beforeRouteUpdate(to, from) {\\n    // 对路由变化做出响应...\\n    this.userData = await fetchUser(to.params.id)\\n  },\\n}\\n```\\n\\n根据vue Router官方文档解释可知道**相同的组件实例将被重复使用生命周期钩子不会被调用**，这也是问题所以在。\\n\\n## 解决\\n\\n在Vue 3中，可以使用`watch`函数来监听$route对象的变化。以下是一个示例代码：\\n\\n```js\\n<script setup lang=\\\"ts\\\">\\nimport { useRoute } from \'vue-router\'\\nconst route = useRoute()\\n\\nonMounted(async () => {\\n  // 监听$route对象上的参数属性变化\\n  watch(\\n    () => route.params.id,\\n    (newId, oldId) => {\\n      if (newId !== oldId) {\\n        // 如果发生变化重新载入\\n        window.location.reload()\\n      }\\n    }\\n  )\\n})\\n</script>\\n```\\n\\n## 参考\\n\\n[Vue Router](https://router.vuejs.org/zh/guide/essentials/dynamic-matching.html#%E5%93%8D%E5%BA%94%E8%B7%AF%E7%94%B1%E5%8F%82%E6%95%B0%E7%9A%84%E5%8F%98%E5%8C%96)\\n\"}]', '{\"code\":200,\"msg\":\"更新文章成功！\",\"data\":1}', NULL, '0', 'admin', '2023-05-09 14:34:13');
INSERT INTO `sys_log` VALUES (314, '登录', 'com.xiaohai.system.controller.LoginController.login', 'POST', 'http://localhost:8089/api/login', '127.0.0.1', 'Windows 10', 'Chrome 11', '[{\"username\":\"admin\",\"password\":\"123456\",\"rememberMe\":false}]', '{\"code\":200,\"msg\":\"登录成功！\",\"data\":\"e786e8ca-e1a6-42a2-a52e-062d4907bdb7\"}', NULL, '0', 'admin', '2023-05-09 15:39:35');
INSERT INTO `sys_log` VALUES (315, '登录', 'com.xiaohai.system.controller.LoginController.login', 'POST', 'http://localhost:8089/api/login', '127.0.0.1', 'Windows 10', 'Chrome 11', '[{\"username\":\"admin\",\"password\":\"123456\",\"rememberMe\":false}]', '{\"code\":200,\"msg\":\"登录成功！\",\"data\":\"22b52198-59df-45e6-9d94-816224337473\"}', NULL, '0', 'admin', '2023-05-09 17:22:35');
INSERT INTO `sys_log` VALUES (316, '获取随机图片(必应)', 'com.xiaohai.note.controller.ArticleController.wallpaper', 'GET', 'http://localhost:8089/api/note/article/bing-wallpaper', '127.0.0.1', 'Windows 10', 'Chrome 11', '[]', '{\"code\":200,\"msg\":\"获取随机图片成功！\",\"data\":\"/image/1/20230502.jpg\"}', NULL, '0', 'admin', '2023-05-09 17:23:23');
INSERT INTO `sys_log` VALUES (317, '新增文章', 'com.xiaohai.note.controller.ArticleController.add', 'POST', 'http://localhost:8089/api/note/article', '127.0.0.1', 'Windows 10', 'Chrome 11', '[{\"title\":\"测试最新\",\"summary\":\"啊啊啊\",\"categoryId\":1,\"tags\":[2],\"cover\":\"/image/1/20230502.jpg\",\"isTop\":0,\"isPush\":1,\"isOriginal\":0,\"originalUrl\":\"\",\"text\":\"### 啊啊啊\"}]', '{\"code\":200,\"msg\":\"新增文章成功！\",\"data\":1}', NULL, '0', 'admin', '2023-05-09 17:23:27');
INSERT INTO `sys_log` VALUES (318, '获取随机图片(必应)', 'com.xiaohai.note.controller.ArticleController.wallpaper', 'GET', 'http://localhost:8089/api/note/article/bing-wallpaper', '127.0.0.1', 'Windows 10', 'Chrome 11', '[]', '{\"code\":200,\"msg\":\"获取随机图片成功！\",\"data\":\"/image/1/20230508.jpg\"}', NULL, '0', 'admin', '2023-05-09 17:23:49');
INSERT INTO `sys_log` VALUES (319, '新增文章', 'com.xiaohai.note.controller.ArticleController.add', 'POST', 'http://localhost:8089/api/note/article', '127.0.0.1', 'Windows 10', 'Chrome 11', '[{\"title\":\"的发给好地方挂号费\",\"summary\":\"的发给黑色的燃放烟花双人\",\"categoryId\":2,\"tags\":[1,2,3],\"cover\":\"/image/1/20230508.jpg\",\"isTop\":0,\"isPush\":1,\"isOriginal\":0,\"originalUrl\":\"\",\"text\":\"生巅峰好公司的发货\"}]', '{\"code\":200,\"msg\":\"新增文章成功！\",\"data\":1}', NULL, '0', 'admin', '2023-05-09 17:23:50');
INSERT INTO `sys_log` VALUES (320, '获取随机图片(必应)', 'com.xiaohai.note.controller.ArticleController.wallpaper', 'GET', 'http://localhost:8089/api/note/article/bing-wallpaper', '127.0.0.1', 'Windows 10', 'Chrome 11', '[]', '{\"code\":200,\"msg\":\"获取随机图片成功！\",\"data\":\"/image/1/20230502.jpg\"}', NULL, '0', 'admin', '2023-05-09 17:24:11');
INSERT INTO `sys_log` VALUES (321, '新增文章', 'com.xiaohai.note.controller.ArticleController.add', 'POST', 'http://localhost:8089/api/note/article', '127.0.0.1', 'Windows 10', 'Chrome 11', '[{\"title\":\"的功夫很简单\",\"summary\":\"分公交黛玉焚稿\",\"categoryId\":1,\"tags\":[1,2,3],\"cover\":\"/image/1/20230502.jpg\",\"isTop\":0,\"isPush\":1,\"isOriginal\":1,\"originalUrl\":\"电饭锅想见你电饭锅\",\"text\":\"说让他复合弓风格和\"}]', '{\"code\":200,\"msg\":\"新增文章成功！\",\"data\":1}', NULL, '0', 'admin', '2023-05-09 17:24:12');
INSERT INTO `sys_log` VALUES (322, '获取随机图片(必应)', 'com.xiaohai.note.controller.ArticleController.wallpaper', 'GET', 'http://localhost:8089/api/note/article/bing-wallpaper', '127.0.0.1', 'Windows 10', 'Chrome 11', '[]', '{\"code\":200,\"msg\":\"获取随机图片成功！\",\"data\":\"/image/1/20230502.jpg\"}', NULL, '0', 'admin', '2023-05-09 17:24:29');
INSERT INTO `sys_log` VALUES (323, '获取随机图片(必应)', 'com.xiaohai.note.controller.ArticleController.wallpaper', 'GET', 'http://localhost:8089/api/note/article/bing-wallpaper', '127.0.0.1', 'Windows 10', 'Chrome 11', '[]', '{\"code\":200,\"msg\":\"获取随机图片成功！\",\"data\":\"/image/1/20230504.jpg\"}', NULL, '0', 'admin', '2023-05-09 17:24:32');
INSERT INTO `sys_log` VALUES (324, '新增文章', 'com.xiaohai.note.controller.ArticleController.add', 'POST', 'http://localhost:8089/api/note/article', '127.0.0.1', 'Windows 10', 'Chrome 11', '[{\"title\":\"官方的很反感\",\"summary\":\"过好几回\",\"categoryId\":1,\"tags\":[1,2],\"cover\":\"/image/1/20230504.jpg\",\"isTop\":0,\"isPush\":1,\"isOriginal\":0,\"originalUrl\":\"\",\"text\":\"得好几个军或多军军军军军军军军军军军军军军军军军军军\"}]', '{\"code\":200,\"msg\":\"新增文章成功！\",\"data\":1}', NULL, '0', 'admin', '2023-05-09 17:24:34');
INSERT INTO `sys_log` VALUES (325, '获取随机图片(必应)', 'com.xiaohai.note.controller.ArticleController.wallpaper', 'GET', 'http://localhost:8089/api/note/article/bing-wallpaper', '127.0.0.1', 'Windows 10', 'Chrome 11', '[]', '{\"code\":200,\"msg\":\"获取随机图片成功！\",\"data\":\"/image/1/20230501.jpg\"}', NULL, '0', 'admin', '2023-05-09 17:24:42');
INSERT INTO `sys_log` VALUES (326, '新增文章', 'com.xiaohai.note.controller.ArticleController.add', 'POST', 'http://localhost:8089/api/note/article', '127.0.0.1', 'Windows 10', 'Chrome 11', '[{\"title\":\"欧与他人\",\"summary\":\"闪电发货风格和\",\"categoryId\":1,\"tags\":[1],\"cover\":\"/image/1/20230501.jpg\",\"isTop\":0,\"isPush\":0,\"isOriginal\":0,\"originalUrl\":\"\",\"text\":\"#### 找地方核酸方股东会\"}]', '{\"code\":200,\"msg\":\"新增文章成功！\",\"data\":1}', NULL, '0', 'admin', '2023-05-09 17:24:58');
INSERT INTO `sys_log` VALUES (327, '是否发布', 'com.xiaohai.note.controller.ArticleController.push', 'PUT', 'http://localhost:8089/api/note/article/push/11', '127.0.0.1', 'Windows 10', 'Chrome 11', '[11]', '{\"code\":200,\"msg\":\"调整成功！\",\"data\":1}', NULL, '0', 'admin', '2023-05-09 17:28:14');
INSERT INTO `sys_log` VALUES (328, '登录', 'com.xiaohai.system.controller.LoginController.login', 'POST', 'http://localhost:8089/api/login', '127.0.0.1', 'Windows 10', 'Chrome 11', '[{\"username\":\"admin\",\"password\":\"123456\",\"rememberMe\":false}]', '{\"code\":200,\"msg\":\"登录成功！\",\"data\":\"792ae3af-a538-492e-b8a5-be85fe3dff4f\"}', NULL, '0', 'admin', '2023-05-15 20:13:48');
INSERT INTO `sys_log` VALUES (329, '登录', 'com.xiaohai.system.controller.LoginController.login', 'POST', 'http://localhost:8089/api/login', '127.0.0.1', 'Windows 10', 'Chrome 11', '[{\"username\":\"admin\",\"password\":\"123456\",\"rememberMe\":false}]', '{\"code\":200,\"msg\":\"登录成功！\",\"data\":\"e2242ed4-0253-47d8-9946-369668a2089b\"}', NULL, '0', 'admin', '2023-05-15 20:24:28');
INSERT INTO `sys_log` VALUES (330, '登录', 'com.xiaohai.system.controller.LoginController.login', 'POST', 'http://localhost:8089/api/login', '127.0.0.1', 'Windows 10', 'Chrome 11', '[{\"username\":\"admin\",\"password\":\"123456\",\"rememberMe\":false}]', '{\"code\":200,\"msg\":\"登录成功！\",\"data\":\"6713502d-d2ef-4534-b53d-080677edc0d5\"}', NULL, '0', 'admin', '2023-05-15 22:29:16');
INSERT INTO `sys_log` VALUES (331, '登录', 'com.xiaohai.system.controller.LoginController.login', 'POST', 'http://localhost:8089/api/login', '127.0.0.1', 'Windows 10', 'Chrome 11', '[{\"username\":\"admin\",\"password\":\"123456\",\"rememberMe\":false}]', '{\"code\":200,\"msg\":\"登录成功！\",\"data\":\"340e41be-dcbe-4ee0-ac23-3c04216d0518\"}', NULL, '0', 'admin', '2023-05-15 22:31:42');
INSERT INTO `sys_log` VALUES (332, '登录', 'com.xiaohai.system.controller.LoginController.login', 'POST', 'http://localhost:8089/api/login', '127.0.0.1', 'Windows 10', 'Chrome 11', '[{\"username\":\"admin\",\"password\":\"123456\",\"rememberMe\":false}]', '{\"code\":200,\"msg\":\"登录成功！\",\"data\":\"3f34f8f0-e7f5-44f4-84a2-311c923c60ad\"}', NULL, '0', 'admin', '2023-05-15 22:32:41');
INSERT INTO `sys_log` VALUES (333, '登录', 'com.xiaohai.system.controller.LoginController.login', 'POST', 'http://localhost:8089/api/login', '127.0.0.1', 'Windows 10', 'Chrome 11', '[{\"username\":\"admin\",\"password\":\"123456\",\"rememberMe\":false}]', '{\"code\":200,\"msg\":\"登录成功！\",\"data\":\"c4b5d3cf-6648-48b4-b9f3-de7b0ede5f15\"}', NULL, '0', 'admin', '2023-05-15 22:33:12');
INSERT INTO `sys_log` VALUES (334, '登录', 'com.xiaohai.system.controller.LoginController.login', 'POST', 'http://localhost:8089/api/login', '127.0.0.1', 'Windows 10', 'Chrome 11', '[{\"username\":\"admin\",\"password\":\"123456\",\"rememberMe\":false}]', '{\"code\":200,\"msg\":\"登录成功！\",\"data\":\"37c1cc62-8a94-40f8-937d-a8ecca0463b4\"}', NULL, '0', 'admin', '2023-05-15 22:35:15');
INSERT INTO `sys_log` VALUES (335, '登录', 'com.xiaohai.system.controller.LoginController.login', 'POST', 'http://localhost:8089/api/login', '127.0.0.1', 'Windows 10', 'Chrome 11', '[{\"username\":\"admin\",\"password\":\"123456\",\"rememberMe\":false}]', '{\"code\":200,\"msg\":\"登录成功！\",\"data\":\"232ac160-c3d6-48f8-91b0-f6623de3fb06\"}', NULL, '0', 'admin', '2023-05-15 22:39:26');
INSERT INTO `sys_log` VALUES (336, '登录', 'com.xiaohai.system.controller.LoginController.login', 'POST', 'http://localhost:8089/api/login', '127.0.0.1', 'Windows 10', 'Chrome 11', '[{\"username\":\"admin\",\"password\":\"123456\",\"rememberMe\":false}]', '{\"code\":200,\"msg\":\"登录成功！\",\"data\":\"a4b7133e-ca98-4921-8c89-2a44e933f2be\"}', NULL, '0', 'admin', '2023-05-16 23:25:14');
INSERT INTO `sys_log` VALUES (337, '登录', 'com.xiaohai.system.controller.LoginController.login', 'POST', 'http://localhost:8089/api/login', '127.0.0.1', 'Windows 10', 'Chrome 11', '[{\"username\":\"admin\",\"password\":\"123456\",\"rememberMe\":false}]', '{\"code\":200,\"msg\":\"登录成功！\",\"data\":\"348bf193-fb13-445f-a607-a66e91f6e6ae\"}', NULL, '0', 'admin', '2023-05-17 20:46:54');
INSERT INTO `sys_log` VALUES (338, '登录', 'com.xiaohai.system.controller.LoginController.login', 'POST', 'http://localhost:8089/api/login', '127.0.0.1', 'Windows 10', 'Chrome 11', '[{\"username\":\"admin\",\"password\":\"123456\",\"rememberMe\":false}]', '{\"code\":200,\"msg\":\"登录成功！\",\"data\":\"e1c623f4-4945-48a7-843c-dd9ad5c0d7d1\"}', NULL, '0', 'admin', '2023-05-17 21:20:59');
INSERT INTO `sys_log` VALUES (339, '是否顶置', 'com.xiaohai.note.controller.ArticleController.top', 'PUT', 'http://localhost:8089/api/note/article/top/11', '127.0.0.1', 'Windows 10', 'Chrome 11', '[11]', '{\"code\":400,\"msg\":\"已存在顶置\"}', NULL, '0', 'admin', '2023-05-17 21:26:04');
INSERT INTO `sys_log` VALUES (340, '登录', 'com.xiaohai.system.controller.LoginController.login', 'POST', 'http://localhost:8089/api/login', '127.0.0.1', 'Windows 10', 'Chrome 11', '[{\"username\":\"admin\",\"password\":\"123456\",\"rememberMe\":false}]', '{\"code\":200,\"msg\":\"登录成功！\",\"data\":\"33fb2536-f9d0-4df5-aacf-bcd3cfe527c4\"}', NULL, '0', 'admin', '2023-05-24 20:51:30');
INSERT INTO `sys_log` VALUES (341, '登录', 'com.xiaohai.system.controller.LoginController.login', 'POST', 'http://localhost:8089/api/login', '127.0.0.1', 'Windows 10', 'Chrome 11', '[{\"username\":\"admin\",\"password\":\"123456\",\"rememberMe\":false}]', '{\"code\":200,\"msg\":\"登录成功！\",\"data\":\"6fe51c57-96ed-4b04-b41d-fcf12cd146e6\"}', NULL, '0', 'admin', '2023-05-24 23:07:10');
INSERT INTO `sys_log` VALUES (342, '删除用户', 'com.xiaohai.system.controller.UserController.delete', 'DELETE', 'http://localhost:8089/api/system/user/1', '127.0.0.1', 'Windows 10', 'Chrome 11', '[[1]]', '{\"code\":400,\"msg\":\"不可删除当前登录用户\"}', NULL, '0', 'admin', '2023-05-24 23:08:25');
INSERT INTO `sys_log` VALUES (343, '登录', 'com.xiaohai.system.controller.LoginController.login', 'POST', 'http://localhost:8089/api/login', '127.0.0.1', 'Windows 10', 'Chrome 11', '[{\"username\":\"admin\",\"password\":\"123456\",\"rememberMe\":false}]', '{\"code\":200,\"msg\":\"登录成功！\",\"data\":\"4d1bd26a-b8de-4ee8-8e8a-a8ebe2462816\"}', NULL, '0', 'admin', '2023-05-25 20:55:55');
INSERT INTO `sys_log` VALUES (344, '新增菜单权限', 'com.xiaohai.system.controller.MenuController.add', 'POST', 'http://localhost:8089/api/system/menu', '127.0.0.1', 'Windows 10', 'Chrome 11', '[{\"parentId\":41,\"icon\":\"el-icon-message\",\"menuSort\":5,\"menuName\":\"聊天\",\"menuType\":\"C\",\"path\":\"comment\",\"component\":\"note/comment/index\",\"perms\":\"\",\"status\":\"0\"}]', '{\"code\":200,\"msg\":\"新增菜单权限表成功！\",\"data\":1}', NULL, '0', 'admin', '2023-05-25 21:03:38');
INSERT INTO `sys_log` VALUES (345, '登录', 'com.xiaohai.system.controller.LoginController.login', 'POST', 'http://localhost:8089/api/login', '127.0.0.1', 'Windows 10', 'Chrome 11', '[{\"username\":\"admin\",\"password\":\"123456\",\"rememberMe\":false}]', '{\"code\":200,\"msg\":\"登录成功！\",\"data\":\"6e77484f-0f71-492b-a71a-11b4d4912ef8\"}', NULL, '0', 'admin', '2023-05-25 22:53:02');
INSERT INTO `sys_log` VALUES (346, '更新菜单权限', 'com.xiaohai.system.controller.MenuController.update', 'PUT', 'http://localhost:8089/api/system/menu', '127.0.0.1', 'Windows 10', 'Chrome 11', '[{\"id\":67,\"parentId\":41,\"icon\":\"el-icon-message\",\"menuSort\":5,\"menuName\":\"留言管理\",\"menuType\":\"C\",\"path\":\"comment\",\"component\":\"note/comment/index\",\"perms\":\"\",\"status\":\"0\"}]', '{\"code\":200,\"msg\":\"更新菜单权限表成功！\",\"data\":1}', NULL, '0', 'admin', '2023-05-25 22:53:26');
INSERT INTO `sys_log` VALUES (347, '更新角色', 'com.xiaohai.system.controller.RoleController.update', 'PUT', 'http://localhost:8089/api/system/role', '127.0.0.1', 'Windows 10', 'Chrome 11', '[{\"id\":1,\"code\":\"admin\",\"name\":\"管理员\",\"remarks\":\"可以管理所有东西\",\"status\":\"0\",\"menuIds\":[41,52,53,54,55,56,58,59,57,42,43,44,45,46,47,48,49,50,51,67,1,3,13,10,11,12,31,39,40,4,14,15,16,17,2,18,19,20,21,5,22,23,25,24,30,35,36,37,38,9,26,27,28,29,6,7,8,65,66,32,33,34]}]', '{\"code\":200,\"msg\":\"更新角色表成功！\",\"data\":1}', NULL, '0', 'admin', '2023-05-25 22:53:40');
INSERT INTO `sys_log` VALUES (348, '登录', 'com.xiaohai.system.controller.LoginController.login', 'POST', 'http://localhost:8089/api/login', '127.0.0.1', 'Windows 10', 'Chrome 11', '[{\"username\":\"admin\",\"password\":\"123456\",\"rememberMe\":false}]', '{\"code\":200,\"msg\":\"登录成功！\",\"data\":\"3b0bab6e-3ea1-416d-82d2-4fcfc4c47de7\"}', NULL, '0', 'admin', '2023-05-26 23:33:36');
INSERT INTO `sys_log` VALUES (349, '登录', 'com.xiaohai.system.controller.LoginController.login', 'POST', 'http://localhost:8089/api/login', '127.0.0.1', 'Windows 10', 'Chrome 11', '[{\"username\":\"admin\",\"password\":\"123456\",\"rememberMe\":false}]', '{\"code\":200,\"msg\":\"登录成功！\",\"data\":\"a2172ec1-5d72-4833-99ee-871b38f5449c\"}', NULL, '0', 'admin', '2023-05-27 08:16:27');
INSERT INTO `sys_log` VALUES (350, '登录', 'com.xiaohai.system.controller.LoginController.login', 'POST', 'http://192.168.68.217:8089/api/login', '192.168.68.217', 'Windows 10', 'Chrome 11', '[{\"username\":\"admin\",\"password\":\"123456\",\"rememberMe\":false}]', '{\"code\":200,\"msg\":\"登录成功！\",\"data\":\"c7a26510-66b6-4e06-9e1d-6661e7883925\"}', NULL, '0', 'admin', '2023-05-27 15:03:40');
INSERT INTO `sys_log` VALUES (351, '登录', 'com.xiaohai.system.controller.LoginController.login', 'POST', 'http://localhost:8089/api/login', '127.0.0.1', 'Windows 10', 'Chrome 11', '[{\"username\":\"admin\",\"password\":\"123456\",\"rememberMe\":false}]', '{\"code\":200,\"msg\":\"登录成功！\",\"data\":\"1c7154be-257b-4f1d-a329-4ddbf8c2bd3f\"}', NULL, '0', 'admin', '2023-05-27 15:22:09');
INSERT INTO `sys_log` VALUES (352, '更新分类', 'com.xiaohai.note.controller.CategoryController.update', 'PUT', 'http://localhost:8089/api/note/category', '127.0.0.1', 'Windows 10', 'Chrome 11', '[{}]', '{\"code\":200,\"msg\":\"更新分类成功！\",\"data\":0}', NULL, '0', 'admin', '2023-05-27 16:13:10');
INSERT INTO `sys_log` VALUES (353, '登录', 'com.xiaohai.system.controller.LoginController.login', 'POST', 'http://localhost:8089/api/login', '127.0.0.1', 'Windows 10', 'Chrome 11', '[{\"username\":\"admin\",\"password\":\"123456\",\"rememberMe\":false}]', '{\"code\":200,\"msg\":\"登录成功！\",\"data\":\"f8590b75-b20e-4bef-9119-8d337446228b\"}', NULL, '0', 'admin', '2023-05-27 16:24:25');
INSERT INTO `sys_log` VALUES (354, '登录', 'com.xiaohai.system.controller.LoginController.login', 'POST', 'http://localhost:8089/api/login', '127.0.0.1', 'Windows 10', 'Chrome 11', '[{\"username\":\"admin\",\"password\":\"123456\",\"rememberMe\":false}]', '{\"code\":200,\"msg\":\"登录成功！\",\"data\":\"4d9726d7-363e-4e55-9faa-4f5f7b7268b3\"}', NULL, '0', 'admin', '2023-05-28 08:37:12');
INSERT INTO `sys_log` VALUES (355, '新增菜单权限', 'com.xiaohai.system.controller.MenuController.add', 'POST', 'http://localhost:8089/api/system/menu', '127.0.0.1', 'Windows 10', 'Chrome 11', '[{\"parentId\":67,\"icon\":\"\",\"menuSort\":0,\"menuName\":\"列表\",\"menuType\":\"F\",\"path\":\"\",\"component\":\"\",\"perms\":\"\",\"status\":\"0\"}]', '{\"code\":200,\"msg\":\"新增菜单权限表成功！\",\"data\":1}', NULL, '0', 'admin', '2023-05-28 08:37:42');
INSERT INTO `sys_log` VALUES (356, '更新菜单权限', 'com.xiaohai.system.controller.MenuController.update', 'PUT', 'http://localhost:8089/api/system/menu', '127.0.0.1', 'Windows 10', 'Chrome 11', '[{\"id\":68,\"parentId\":67,\"icon\":\"\",\"menuSort\":0,\"menuName\":\"列表\",\"menuType\":\"F\",\"path\":\"\",\"component\":\"\",\"perms\":\"note:common:list\",\"status\":\"0\"}]', '{\"code\":200,\"msg\":\"更新菜单权限表成功！\",\"data\":1}', NULL, '0', 'admin', '2023-05-28 08:38:06');
INSERT INTO `sys_log` VALUES (357, '更新菜单权限', 'com.xiaohai.system.controller.MenuController.update', 'PUT', 'http://localhost:8089/api/system/menu', '127.0.0.1', 'Windows 10', 'Chrome 11', '[{\"id\":68,\"parentId\":67,\"icon\":\"\",\"menuSort\":0,\"menuName\":\"列表\",\"menuType\":\"F\",\"path\":\"\",\"component\":\"\",\"perms\":\"note:comment:list\",\"status\":\"0\"}]', '{\"code\":200,\"msg\":\"更新菜单权限表成功！\",\"data\":1}', NULL, '0', 'admin', '2023-05-28 08:38:16');
INSERT INTO `sys_log` VALUES (358, '新增菜单权限', 'com.xiaohai.system.controller.MenuController.add', 'POST', 'http://localhost:8089/api/system/menu', '127.0.0.1', 'Windows 10', 'Chrome 11', '[{\"parentId\":67,\"icon\":\"\",\"menuSort\":0,\"menuName\":\"留言\",\"menuType\":\"F\",\"path\":\"\",\"component\":\"\",\"perms\":\"note:comment:add\",\"status\":\"0\"}]', '{\"code\":200,\"msg\":\"新增菜单权限表成功！\",\"data\":1}', NULL, '0', 'admin', '2023-05-28 08:38:32');
INSERT INTO `sys_log` VALUES (359, '更新菜单权限', 'com.xiaohai.system.controller.MenuController.update', 'PUT', 'http://localhost:8089/api/system/menu', '127.0.0.1', 'Windows 10', 'Chrome 11', '[{\"id\":69,\"parentId\":67,\"icon\":\"\",\"menuSort\":1,\"menuName\":\"留言\",\"menuType\":\"F\",\"path\":\"\",\"component\":\"\",\"perms\":\"note:comment:add\",\"status\":\"0\"}]', '{\"code\":200,\"msg\":\"更新菜单权限表成功！\",\"data\":1}', NULL, '0', 'admin', '2023-05-28 08:38:39');
INSERT INTO `sys_log` VALUES (360, '新增菜单权限', 'com.xiaohai.system.controller.MenuController.add', 'POST', 'http://localhost:8089/api/system/menu', '127.0.0.1', 'Windows 10', 'Chrome 11', '[{\"parentId\":67,\"icon\":\"\",\"menuSort\":2,\"menuName\":\"删除\",\"menuType\":\"F\",\"path\":\"\",\"component\":\"\",\"perms\":\"note:comment:delete\",\"status\":\"0\"}]', '{\"code\":200,\"msg\":\"新增菜单权限表成功！\",\"data\":1}', NULL, '0', 'admin', '2023-05-28 08:39:01');
INSERT INTO `sys_log` VALUES (361, '更新角色', 'com.xiaohai.system.controller.RoleController.update', 'PUT', 'http://localhost:8089/api/system/role', '127.0.0.1', 'Windows 10', 'Chrome 11', '[{\"id\":1,\"code\":\"admin\",\"name\":\"管理员\",\"remarks\":\"可以管理所有东西\",\"status\":\"0\",\"menuIds\":[41,52,53,54,55,56,58,59,57,42,43,44,45,46,47,48,49,50,51,67,68,69,70,1,3,13,10,11,12,4,14,15,16,17,31,39,40,2,18,19,20,21,5,22,23,25,24,30,9,26,27,28,29,35,36,37,38,6,7,8,65,66,32,33,34]}]', '{\"code\":200,\"msg\":\"更新角色表成功！\",\"data\":1}', NULL, '0', 'admin', '2023-05-28 08:40:05');
INSERT INTO `sys_log` VALUES (362, '登录', 'com.xiaohai.system.controller.LoginController.login', 'POST', 'http://localhost:8089/api/login', '127.0.0.1', 'Windows 10', 'Chrome 11', '[{\"username\":\"admin\",\"password\":\"123456\",\"rememberMe\":false}]', '{\"code\":200,\"msg\":\"登录成功！\",\"data\":\"56cb55af-f411-4f2b-a870-10055f16abe5\"}', NULL, '0', 'admin', '2023-05-30 22:45:05');
INSERT INTO `sys_log` VALUES (363, '登录', 'com.xiaohai.system.controller.LoginController.login', 'POST', 'http://localhost:8089/api/login', '127.0.0.1', 'Windows 10', 'Chrome 11', '[{\"username\":\"admin\",\"password\":\"123456\",\"rememberMe\":false}]', '{\"code\":200,\"msg\":\"登录成功！\",\"data\":\"a485538f-d1e1-4239-a670-a24f7f4ec012\"}', NULL, '0', 'admin', '2023-05-30 23:04:06');
INSERT INTO `sys_log` VALUES (364, '登录', 'com.xiaohai.system.controller.LoginController.login', 'POST', 'http://nas.dotcode.top:9000/api/login', '39.88.234.139', 'Mac OS X', 'Chrome 11', '[{\"username\":\"admin\",\"password\":\"123456\",\"rememberMe\":false}]', '{\"code\":200,\"msg\":\"登录成功！\",\"data\":\"7d98d625-8598-4347-9f13-a72538219c68\"}', NULL, '0', 'admin', '2023-05-31 15:57:47');
INSERT INTO `sys_log` VALUES (365, '登录', 'com.xiaohai.system.controller.LoginController.login', 'POST', 'http://localhost:8089/api/login', '127.0.0.1', 'Windows 10', 'Chrome 11', '[{\"username\":\"admin\",\"password\":\"123456\",\"rememberMe\":false}]', '{\"code\":200,\"msg\":\"登录成功！\",\"data\":\"a7eaecc2-d141-4bba-8271-ca7fc0c54c86\"}', NULL, '0', 'admin', '2023-05-31 16:17:13');
INSERT INTO `sys_log` VALUES (366, '登录', 'com.xiaohai.system.controller.LoginController.login', 'POST', 'http://nas.dotcode.top:9000/api/login', '39.88.234.139', 'Mac OS X', 'Chrome 11', '[{\"username\":\"admin\",\"password\":\"123456\",\"rememberMe\":false}]', '{\"code\":200,\"msg\":\"登录成功！\",\"data\":\"7ba3ab09-fc57-4cc1-b4ea-13b6cdd7cb0f\"}', NULL, '0', 'admin', '2023-05-31 17:33:15');
INSERT INTO `sys_log` VALUES (367, '登录', 'com.xiaohai.system.controller.LoginController.login', 'POST', 'http://nas.dotcode.top:9000/api/login', '39.88.234.139', 'Mac OS X', 'Chrome 11', '[{\"username\":\"admin\",\"password\":\"123456\",\"rememberMe\":false}]', '{\"code\":200,\"msg\":\"登录成功！\",\"data\":\"d8c94f19-c9ce-400c-a20e-d960685c53a9\"}', NULL, '0', 'admin', '2023-06-01 11:01:54');
INSERT INTO `sys_log` VALUES (368, '登录', 'com.xiaohai.system.controller.LoginController.login', 'POST', 'http://nas.dotcode.top:9000/api/login', '39.88.234.139', 'Mac OS X', 'Chrome 11', '[{\"username\":\"admin\",\"password\":\"123456\",\"rememberMe\":false}]', '{\"code\":200,\"msg\":\"登录成功！\",\"data\":\"7e97a6bc-2f0d-429e-876b-9e49358f7ce4\"}', NULL, '0', 'admin', '2023-06-01 17:32:54');
INSERT INTO `sys_log` VALUES (369, '登录', 'com.xiaohai.system.controller.LoginController.login', 'POST', 'http://nas.dotcode.top:9000/api/login', '39.88.234.139', 'Mac OS X', 'Chrome 11', '[{\"username\":\"admin\",\"password\":\"123456\",\"rememberMe\":false}]', '{\"code\":200,\"msg\":\"登录成功！\",\"data\":\"c6518127-91c0-4473-adcf-2119fb085dc7\"}', NULL, '0', 'admin', '2023-06-01 17:38:41');
INSERT INTO `sys_log` VALUES (370, '登录', 'com.xiaohai.system.controller.LoginController.login', 'POST', 'http://nas.dotcode.top:9000/api/login', '39.88.234.139', 'Mac OS X', 'Chrome 11', '[{\"username\":\"admin\",\"password\":\"123456\",\"rememberMe\":false}]', '{\"code\":200,\"msg\":\"登录成功！\",\"data\":\"620ed334-cceb-4f2c-ac50-794c246a34c4\"}', NULL, '0', 'admin', '2023-06-01 17:42:33');
INSERT INTO `sys_log` VALUES (371, '登录', 'com.xiaohai.system.controller.LoginController.login', 'POST', 'http://nas.dotcode.top:9000/api/login', '39.88.234.139', 'Mac OS X', 'Chrome 11', '[{\"username\":\"admin\",\"password\":\"123456\",\"rememberMe\":false}]', '{\"code\":200,\"msg\":\"登录成功！\",\"data\":\"6eb4addd-68bd-4060-88be-ca85e10b48e0\"}', NULL, '0', 'admin', '2023-06-02 15:53:18');
INSERT INTO `sys_log` VALUES (372, '登录', 'com.xiaohai.system.controller.LoginController.login', 'POST', 'http://localhost:8089/api/login', '127.0.0.1', 'Windows 10', 'Chrome 11', '[{\"username\":\"admin\",\"password\":\"123456\",\"rememberMe\":false}]', '{\"code\":200,\"msg\":\"登录成功！\",\"data\":\"39f61077-a700-43f2-a4ec-49a3eb65b0af\"}', NULL, '0', 'admin', '2023-06-09 23:42:40');
INSERT INTO `sys_log` VALUES (373, '登录', 'com.xiaohai.system.controller.LoginController.login', 'POST', 'http://192.168.68.217:8089/api/login', '192.168.68.129', 'Android 1.x', 'Chrome Mobile', '[{\"username\":\"admin\",\"password\":\"123456\",\"rememberMe\":false}]', '{\"code\":200,\"msg\":\"登录成功！\",\"data\":\"94a1bfb5-670c-456e-a2a3-046a5b69f350\"}', NULL, '0', 'admin', '2023-06-09 23:59:18');
INSERT INTO `sys_log` VALUES (374, '登录', 'com.xiaohai.system.controller.LoginController.login', 'POST', 'http://192.168.68.217:8089/api/login', '192.168.68.129', 'Android 1.x', 'Chrome Mobile', '[{\"username\":\"admin\",\"password\":\"123456\",\"rememberMe\":false}]', '{\"code\":200,\"msg\":\"登录成功！\",\"data\":\"2f37cb31-2a63-41d4-ab64-968b6b0418eb\"}', NULL, '0', 'admin', '2023-06-10 00:06:58');
INSERT INTO `sys_log` VALUES (375, '登录', 'com.xiaohai.system.controller.LoginController.login', 'POST', 'http://192.168.68.217:8089/api/login', '192.168.68.217', 'Windows 10', 'Chrome 11', '[{\"username\":\"admin\",\"password\":\"123456\",\"rememberMe\":false}]', '{\"code\":200,\"msg\":\"登录成功！\",\"data\":\"1c0e1427-2546-47d6-9b66-a360111b5444\"}', NULL, '0', 'admin', '2023-06-10 00:12:31');
INSERT INTO `sys_log` VALUES (376, '登录', 'com.xiaohai.system.controller.LoginController.login', 'POST', 'http://localhost:8089/api/login', '127.0.0.1', 'Windows 10', 'Chrome 11', '[{\"username\":\"admin\",\"password\":\"123456\",\"rememberMe\":false}]', '{\"code\":200,\"msg\":\"登录成功！\",\"data\":\"4ea1c5c2-bd64-4413-bc7d-c5d3ce737cc0\"}', NULL, '0', 'admin', '2023-06-10 00:16:05');
INSERT INTO `sys_log` VALUES (377, '登录', 'com.xiaohai.system.controller.LoginController.login', 'POST', 'http://192.168.68.217:8089/api/login', '192.168.68.217', 'Windows 10', 'Chrome 11', '[{\"username\":\"admin\",\"password\":\"123456\",\"rememberMe\":false}]', '{\"code\":200,\"msg\":\"登录成功！\",\"data\":\"2e0bd591-30e0-495b-8bd6-3eaac26d91bf\"}', NULL, '0', 'admin', '2023-06-10 00:16:16');
INSERT INTO `sys_log` VALUES (378, '登录', 'com.xiaohai.system.controller.LoginController.login', 'POST', 'http://192.168.68.217:8089/api/login', '192.168.68.217', 'Windows 10', 'Chrome 11', '[{\"username\":\"admin\",\"password\":\"123456\",\"rememberMe\":false}]', '{\"code\":200,\"msg\":\"登录成功！\",\"data\":\"ff7fd956-f133-4db9-9e7e-b473645e2dfe\"}', NULL, '0', 'admin', '2023-06-10 08:32:58');
INSERT INTO `sys_log` VALUES (379, '登录', 'com.xiaohai.system.controller.LoginController.login', 'POST', 'http://192.168.68.217:8089/api/login', '192.168.68.217', 'Windows 10', 'Chrome 11', '[{\"username\":\"admin\",\"password\":\"123456\",\"rememberMe\":false}]', '{\"code\":200,\"msg\":\"登录成功！\",\"data\":\"bc3a52c7-0fe9-459e-b955-82a88c99ed20\"}', NULL, '0', 'admin', '2023-06-10 08:33:59');
INSERT INTO `sys_log` VALUES (380, '登录', 'com.xiaohai.system.controller.LoginController.login', 'POST', 'http://192.168.68.217:8089/api/login', '192.168.68.217', 'Windows 10', 'Chrome 11', '[{\"username\":\"admin\",\"password\":\"123456\",\"rememberMe\":false}]', '{\"code\":200,\"msg\":\"登录成功！\",\"data\":\"11706a92-84f6-4d63-9ab1-5750d5f24b6b\"}', NULL, '0', 'admin', '2023-06-10 08:34:50');
INSERT INTO `sys_log` VALUES (381, '登录', 'com.xiaohai.system.controller.LoginController.login', 'POST', 'http://192.168.68.217:8089/api/login', '192.168.68.217', 'Windows 10', 'Chrome 11', '[{\"username\":\"admin\",\"password\":\"123456\",\"rememberMe\":false}]', '{\"code\":200,\"msg\":\"登录成功！\",\"data\":\"2df1800c-b271-48dd-afd9-a6140458dacb\"}', NULL, '0', 'admin', '2023-06-10 08:35:40');
INSERT INTO `sys_log` VALUES (382, '登录', 'com.xiaohai.system.controller.LoginController.login', 'POST', 'http://192.168.68.217:8089/api/login', '192.168.68.217', 'Windows 10', 'Chrome 11', '[{\"username\":\"admin\",\"password\":\"123456\",\"rememberMe\":false}]', '{\"code\":200,\"msg\":\"登录成功！\",\"data\":\"74fbced9-9851-4274-bd55-cb0a4611dfbe\"}', NULL, '0', 'admin', '2023-06-10 08:42:57');
INSERT INTO `sys_log` VALUES (383, '登录', 'com.xiaohai.system.controller.LoginController.login', 'POST', 'http://192.168.68.217:8089/api/login', '192.168.68.217', 'Windows 10', 'Chrome 11', '[{\"username\":\"admin\",\"password\":\"123456\",\"rememberMe\":false}]', '{\"code\":200,\"msg\":\"登录成功！\",\"data\":\"84a5f5c8-a324-4ef3-bb97-51fe84380fb2\"}', NULL, '0', 'admin', '2023-06-10 08:43:22');
INSERT INTO `sys_log` VALUES (384, '登录', 'com.xiaohai.system.controller.LoginController.login', 'POST', 'http://192.168.68.217:8089/api/login', '192.168.68.217', 'Windows 10', 'Chrome 11', '[{\"username\":\"admin\",\"password\":\"123456\",\"rememberMe\":false}]', '{\"code\":200,\"msg\":\"登录成功！\",\"data\":\"7f4c3ec7-3f75-48a0-81c8-8b2be7293542\"}', NULL, '0', 'admin', '2023-06-10 08:57:39');
INSERT INTO `sys_log` VALUES (385, '登录', 'com.xiaohai.system.controller.LoginController.login', 'POST', 'http://192.168.68.217:8089/api/login', '192.168.68.217', 'Windows 10', 'Chrome 11', '[{\"username\":\"admin\",\"password\":\"123456\",\"rememberMe\":false}]', '{\"code\":200,\"msg\":\"登录成功！\",\"data\":\"3a332d2d-1e32-4b4b-b84d-2c142322a026\"}', NULL, '0', 'admin', '2023-06-10 09:37:50');
INSERT INTO `sys_log` VALUES (386, '登录', 'com.xiaohai.system.controller.LoginController.login', 'POST', 'http://192.168.68.217:8089/api/login', '192.168.68.217', 'Windows 10', 'Chrome 11', '[{\"username\":\"admin\",\"password\":\"123456\",\"rememberMe\":false}]', '{\"code\":200,\"msg\":\"登录成功！\",\"data\":\"cba0e997-2095-4edd-9cae-9934abefde76\"}', NULL, '0', 'admin', '2023-06-10 12:21:40');
INSERT INTO `sys_log` VALUES (387, '登录', 'com.xiaohai.system.controller.LoginController.login', 'POST', 'http://192.168.68.217:8089/api/login', '192.168.68.217', 'Windows 10', 'Chrome 11', '[{\"username\":\"admin\",\"password\":\"123456\",\"rememberMe\":false}]', '{\"code\":200,\"msg\":\"登录成功！\",\"data\":\"c6cd40f4-57ee-4306-a004-7c25d7fa05c8\"}', NULL, '0', 'admin', '2023-06-10 12:21:57');
INSERT INTO `sys_log` VALUES (388, '登录', 'com.xiaohai.system.controller.LoginController.login', 'POST', 'http://192.168.68.217:8089/api/login', '192.168.68.217', 'Windows 10', 'Chrome 11', '[{\"username\":\"admin\",\"password\":\"123456\",\"rememberMe\":false}]', '{\"code\":200,\"msg\":\"登录成功！\",\"data\":\"85f91178-1008-482b-a2ad-d7b649fbf450\"}', NULL, '0', 'admin', '2023-06-11 07:53:37');
INSERT INTO `sys_log` VALUES (389, '登录', 'com.xiaohai.system.controller.LoginController.login', 'POST', 'http://localhost:8089/prod-api/login', '127.0.0.1', 'Windows 10', 'Chrome 11', '[{\"username\":\"admin\",\"password\":\"123456\",\"rememberMe\":false}]', '{\"code\":200,\"msg\":\"登录成功！\",\"data\":\"b0af7ec8-0318-4d56-84d8-037810307101\"}', NULL, '0', 'admin', '2023-06-12 22:33:06');
INSERT INTO `sys_log` VALUES (390, '登录', 'com.xiaohai.system.controller.LoginController.login', 'POST', 'http://localhost:8089/prod-api/login', '127.0.0.1', 'Windows 10', 'Chrome 11', '[{\"username\":\"admin\",\"password\":\"123456\",\"rememberMe\":false}]', '{\"code\":200,\"msg\":\"登录成功！\",\"data\":\"3bd618c9-0c8a-4fba-bc73-594e0c6835fe\"}', NULL, '0', 'admin', '2023-06-12 23:10:58');
INSERT INTO `sys_log` VALUES (391, '登录', 'com.xiaohai.system.controller.LoginController.login', 'POST', 'http://nas.dotcode.top:9000/api/login', '123.235.66.244', 'Mac OS X', 'Chrome 11', '[{\"username\":\"admin\",\"password\":\"123456\",\"rememberMe\":false}]', '{\"code\":200,\"msg\":\"登录成功！\",\"data\":\"84b91b01-1bde-4ba7-a5fb-19a007031c7c\"}', NULL, '0', 'admin', '2023-06-13 14:27:28');
INSERT INTO `sys_log` VALUES (392, '登录', 'com.xiaohai.system.controller.LoginController.login', 'POST', 'http://nas.dotcode.top:9000/api/login', '123.235.66.244', 'Mac OS X', 'Chrome 11', '[{\"username\":\"admin\",\"password\":\"123456\",\"rememberMe\":false}]', '{\"code\":200,\"msg\":\"登录成功！\",\"data\":\"fdb3fbe4-0af4-4274-b309-8122a7f470c0\"}', NULL, '0', 'admin', '2023-06-14 13:54:21');
INSERT INTO `sys_log` VALUES (393, '登录', 'com.xiaohai.system.controller.LoginController.login', 'POST', 'http://localhost:8089/api/login', '127.0.0.1', 'Windows 10', 'Chrome 11', '[{\"username\":\"admin\",\"password\":\"123456\",\"rememberMe\":false}]', '{\"code\":200,\"msg\":\"登录成功！\",\"data\":\"c71c6b51-2a8c-4d1d-9fff-7179a0e9535f\"}', NULL, '0', 'admin', '2023-06-14 14:38:06');
INSERT INTO `sys_log` VALUES (394, '登录', 'com.xiaohai.system.controller.LoginController.login', 'POST', 'http://nas.dotcode.top:9000/api/login', '123.235.66.244', 'Mac OS X', 'Chrome 11', '[{\"username\":\"admin\",\"password\":\"123456\",\"rememberMe\":false}]', '{\"code\":200,\"msg\":\"登录成功！\",\"data\":\"cef7c712-df6e-44a6-8f5a-d98a2b3d93ad\"}', NULL, '0', 'admin', '2023-06-14 15:01:03');
INSERT INTO `sys_log` VALUES (395, '登录', 'com.xiaohai.system.controller.LoginController.login', 'POST', 'http://localhost:8089/api/login', '127.0.0.1', 'Windows 10', 'Chrome 11', '[{\"username\":\"admin\",\"password\":\"123456\",\"rememberMe\":false}]', '{\"code\":200,\"msg\":\"登录成功！\",\"data\":\"fc4956ec-b0db-40cc-88a4-a881cec7b596\"}', NULL, '0', 'admin', '2023-06-14 20:39:10');
INSERT INTO `sys_log` VALUES (396, '登录', 'com.xiaohai.system.controller.LoginController.login', 'POST', 'http://localhost:8089/api/login', '127.0.0.1', 'Windows 10', 'Chrome 11', '[{\"username\":\"admin\",\"password\":\"123456\",\"rememberMe\":false}]', '{\"code\":200,\"msg\":\"登录成功！\",\"data\":\"833b3233-43dc-484c-b9d5-f54be6faf294\"}', NULL, '0', 'admin', '2023-06-14 20:39:38');
INSERT INTO `sys_log` VALUES (397, '登录', 'com.xiaohai.system.controller.LoginController.login', 'POST', 'http://localhost:8089/api/login', '127.0.0.1', 'Windows 10', 'Chrome 11', '[{\"username\":\"admin\",\"password\":\"123456\",\"rememberMe\":false}]', '{\"code\":200,\"msg\":\"登录成功！\",\"data\":\"f3924a91-f9ac-4dec-a9b0-9c7fb45de2cc\"}', NULL, '0', 'admin', '2023-06-14 20:42:53');
INSERT INTO `sys_log` VALUES (398, '登录', 'com.xiaohai.system.controller.LoginController.login', 'POST', 'http://localhost:8089/api/login', '127.0.0.1', 'Windows 10', 'Chrome 11', '[{\"username\":\"admin\",\"password\":\"123456\",\"rememberMe\":false}]', '{\"code\":200,\"msg\":\"登录成功！\",\"data\":\"6d2b7b52-1269-4632-abe2-4313a1b6df78\"}', NULL, '0', 'admin', '2023-06-14 20:47:12');
INSERT INTO `sys_log` VALUES (399, '登录', 'com.xiaohai.system.controller.LoginController.login', 'POST', 'http://nas.dotcode.top:9000/api/login', '39.88.213.46', 'Mac OS X', 'Chrome 11', '[{\"username\":\"admin\",\"password\":\"123456\",\"rememberMe\":false}]', '{\"code\":200,\"msg\":\"登录成功！\",\"data\":\"e0bd4b92-e647-45c2-9e24-c02c22bb469d\"}', NULL, '0', 'admin', '2023-06-15 15:02:39');
INSERT INTO `sys_log` VALUES (400, '登录', 'com.xiaohai.system.controller.LoginController.login', 'POST', 'http://nas.dotcode.top:9000/api/login', '39.88.213.46', 'Mac OS X', 'Chrome 11', '[{\"username\":\"admin\",\"password\":\"123456\",\"rememberMe\":false}]', '{\"code\":200,\"msg\":\"登录成功！\",\"data\":\"13642bde-ecb5-4b4a-b04a-8c6bd1c784b2\"}', NULL, '0', 'admin', '2023-06-15 15:44:18');
INSERT INTO `sys_log` VALUES (401, '发送邮箱验证码', 'com.xiaohai.system.controller.LoginController.sendEmailCode', 'GET', 'http://nas.dotcode.top:9000/api/sendEmailCode', '39.88.213.46', 'Mac OS X', 'Chrome 11', '[\"1251798207@qq.com\"]', '{\"code\":200,\"msg\":\"验证码已发送，请前往邮箱查看!\"}', NULL, '0', NULL, '2023-06-15 17:20:01');
INSERT INTO `sys_log` VALUES (402, '用户信息注册', 'com.xiaohai.system.controller.LoginController.register', 'POST', 'http://nas.dotcode.top:9000/api/register', '39.88.213.46', 'Mac OS X', 'Chrome 11', '[{\"username\":\"zhangning\",\"password\":\"OwRkWcyTWG5XxjteDLzOCw==\",\"email\":\"1251798207@qq.com\",\"code\":\"784071\"}]', NULL, 'Cannot read the array length because \"<local3>\" is null', '1', NULL, '2023-06-15 17:20:49');
INSERT INTO `sys_log` VALUES (403, '用户信息注册', 'com.xiaohai.system.controller.LoginController.register', 'POST', 'http://nas.dotcode.top:9000/api/register', '39.88.213.46', 'Mac OS X', 'Chrome 11', '[{\"username\":\"zhangning\",\"password\":\"OwRkWcyTWG5XxjteDLzOCw==\",\"email\":\"1251798207@qq.com\",\"code\":\"784071\"}]', NULL, 'Cannot read the array length because \"<local3>\" is null', '1', NULL, '2023-06-15 17:20:56');
INSERT INTO `sys_log` VALUES (404, '发送邮箱验证码', 'com.xiaohai.system.controller.LoginController.sendEmailCode', 'GET', 'http://localhost:8089/api/sendEmailCode', '127.0.0.1', 'Windows 10', 'Chrome 11', '[\"1372195290@qq.com\"]', '{\"code\":200,\"msg\":\"验证码已发送，请前往邮箱查看!\"}', NULL, '0', NULL, '2023-06-15 17:35:22');
INSERT INTO `sys_log` VALUES (405, '用户信息注册', 'com.xiaohai.system.controller.LoginController.register', 'POST', 'http://localhost:8089/api/register', '127.0.0.1', 'Windows 10', 'Chrome 11', '[{\"username\":\"测试\",\"password\":\"4XBeVW8wO9P1tgT0TDRU2w==\",\"email\":\"1372195290@qq.com\",\"code\":\"652346\"}]', '{\"code\":400,\"msg\":\"新增邮箱：1372195290@qq.com失败，邮箱已存在\"}', NULL, '0', NULL, '2023-06-15 17:37:05');
INSERT INTO `sys_log` VALUES (406, '发送邮箱验证码', 'com.xiaohai.system.controller.LoginController.sendEmailCode', 'GET', 'http://localhost:8089/api/sendEmailCode', '127.0.0.1', 'Windows 10', 'Chrome 11', '[\"test@qq.com\"]', '{\"code\":200,\"msg\":\"验证码已发送，请前往邮箱查看!\"}', NULL, '0', NULL, '2023-06-15 17:37:29');
INSERT INTO `sys_log` VALUES (407, '发送邮箱验证码', 'com.xiaohai.system.controller.LoginController.sendEmailCode', 'GET', 'http://localhost:8089/api/sendEmailCode', '127.0.0.1', 'Windows 10', 'Chrome 11', '[\"1251798207@qq.com\"]', '{\"code\":200,\"msg\":\"验证码已发送，请前往邮箱查看!\"}', NULL, '0', NULL, '2023-06-15 17:39:02');
INSERT INTO `sys_log` VALUES (408, '用户信息注册', 'com.xiaohai.system.controller.LoginController.register', 'POST', 'http://localhost:8089/api/register', '127.0.0.1', 'Windows 10', 'Chrome 11', '[{\"username\":\"zhangning\",\"password\":\"4XBeVW8wO9P1tgT0TDRU2w==\",\"email\":\"1251798207@qq.com\",\"code\":\"495419\"}]', NULL, 'Cannot read the array length because \"<local3>\" is null', '1', NULL, '2023-06-15 17:39:40');
INSERT INTO `sys_log` VALUES (409, '发送邮箱验证码', 'com.xiaohai.system.controller.LoginController.sendEmailCode', 'GET', 'http://localhost:8089/api/sendEmailCode', '127.0.0.1', 'Windows 10', 'Chrome 11', '[\"1251798207@qq.com\"]', '{\"code\":200,\"msg\":\"验证码已发送，请前往邮箱查看!\"}', NULL, '0', NULL, '2023-06-15 22:01:37');
INSERT INTO `sys_log` VALUES (410, '用户信息注册', 'com.xiaohai.system.controller.LoginController.register', 'POST', 'http://localhost:8089/api/register', '127.0.0.1', 'Windows 10', 'Chrome 11', '[{\"username\":\"zhangning\",\"password\":\"4XBeVW8wO9P1tgT0TDRU2w==\",\"email\":\"1251798207@qq.com\",\"code\":\"191847\"}]', NULL, 'Cannot read the array length because \"<local3>\" is null', '1', NULL, '2023-06-15 22:02:52');
INSERT INTO `sys_log` VALUES (411, '用户信息注册', 'com.xiaohai.system.controller.LoginController.register', 'POST', 'http://localhost:8089/api/register', '127.0.0.1', 'Windows 10', 'Chrome 11', '[{\"username\":\"zhangning\",\"password\":\"4XBeVW8wO9P1tgT0TDRU2w==\",\"email\":\"1251798207@qq.com\",\"code\":\"191847\"}]', NULL, 'Cannot read the array length because \"<local3>\" is null', '1', NULL, '2023-06-15 22:06:12');
INSERT INTO `sys_log` VALUES (412, '登录', 'com.xiaohai.system.controller.LoginController.login', 'POST', 'http://localhost:8089/api/login', '127.0.0.1', 'Windows 10', 'Chrome 11', '[{\"username\":\"admin\",\"password\":\"123456\",\"rememberMe\":false}]', '{\"code\":200,\"msg\":\"登录成功！\",\"data\":\"6d19cbd5-5217-4064-9c16-c8c4aa64c242\"}', NULL, '0', 'admin', '2023-06-15 22:06:17');
INSERT INTO `sys_log` VALUES (413, '发送邮箱验证码', 'com.xiaohai.system.controller.LoginController.sendEmailCode', 'GET', 'http://localhost:8089/api/sendEmailCode', '127.0.0.1', 'Windows 10', 'Chrome 11', '[\"1251798207@qq.com\"]', '{\"code\":200,\"msg\":\"验证码已发送，请前往邮箱查看!\"}', NULL, '0', NULL, '2023-06-15 22:17:21');
INSERT INTO `sys_log` VALUES (414, '用户信息注册', 'com.xiaohai.system.controller.LoginController.register', 'POST', 'http://localhost:8089/api/register', '127.0.0.1', 'Windows 10', 'Chrome 11', '[{\"username\":\"zhangning\",\"password\":\"4XBeVW8wO9P1tgT0TDRU2w==\",\"email\":\"1251798207@qq.com\",\"code\":\"779868\"}]', '{\"code\":200,\"msg\":\"注册成功！\",\"data\":1}', NULL, '0', NULL, '2023-06-15 22:18:00');
INSERT INTO `sys_log` VALUES (415, '登录', 'com.xiaohai.system.controller.LoginController.login', 'POST', 'http://localhost:8089/api/login', '127.0.0.1', 'Windows 10', 'Chrome 11', '[{\"username\":\"1251798207@qq.com\",\"password\":\"123456\",\"rememberMe\":false}]', '{\"code\":200,\"msg\":\"登录成功！\",\"data\":\"4533afa9-2875-4266-9932-7c5360faa70d\"}', NULL, '0', 'zhangning', '2023-06-15 22:18:14');
INSERT INTO `sys_log` VALUES (416, '登录', 'com.xiaohai.system.controller.LoginController.login', 'POST', 'http://localhost:8089/api/login', '127.0.0.1', 'Windows 10', 'Chrome 11', '[{\"username\":\"admin\",\"password\":\"123456\",\"rememberMe\":false}]', '{\"code\":200,\"msg\":\"登录成功！\",\"data\":\"6dae1286-ebbe-4fc1-8553-5413a5888624\"}', NULL, '0', 'admin', '2023-06-15 22:20:08');
INSERT INTO `sys_log` VALUES (417, '更新用户', 'com.xiaohai.system.controller.UserController.update', 'PUT', 'http://localhost:8089/api/system/user', '127.0.0.1', 'Windows 10', 'Chrome 11', '[{\"id\":10,\"username\":\"zhangning\",\"gender\":\"2\",\"status\":\"0\",\"roleIds\":[2]}]', '{\"code\":200,\"msg\":\"更新用户表成功！\",\"data\":1}', NULL, '0', 'admin', '2023-06-15 22:20:25');
INSERT INTO `sys_log` VALUES (418, '登录', 'com.xiaohai.system.controller.LoginController.login', 'POST', 'http://localhost:8089/api/login', '127.0.0.1', 'Windows 10', 'Chrome 11', '[{\"username\":\"user\",\"password\":\"123456\",\"rememberMe\":false}]', '{\"code\":200,\"msg\":\"登录成功！\",\"data\":\"2db15774-fc6c-4e53-aa9d-cfa9d4e730ed\"}', NULL, '0', 'user', '2023-06-15 22:20:40');
INSERT INTO `sys_log` VALUES (419, '登录', 'com.xiaohai.system.controller.LoginController.login', 'POST', 'http://localhost:8089/api/login', '127.0.0.1', 'Windows 10', 'Chrome 11', '[{\"username\":\"admin\",\"password\":\"123456\",\"rememberMe\":false}]', '{\"code\":200,\"msg\":\"登录成功！\",\"data\":\"10923bd5-8265-4109-8391-afdd4098889d\"}', NULL, '0', 'admin', '2023-06-15 22:20:54');
INSERT INTO `sys_log` VALUES (420, '更新角色', 'com.xiaohai.system.controller.RoleController.update', 'PUT', 'http://localhost:8089/api/system/role', '127.0.0.1', 'Windows 10', 'Chrome 11', '[{\"id\":2,\"code\":\"user\",\"name\":\"普通用户\",\"remarks\":\"\",\"status\":\"0\",\"menuIds\":[41,52,53,54,55,56,58,59,57,42,43,44,45,46,47,48,49,50,51,67,68,69,70]}]', '{\"code\":200,\"msg\":\"更新角色表成功！\",\"data\":1}', NULL, '0', 'admin', '2023-06-15 22:21:10');
INSERT INTO `sys_log` VALUES (421, '登录', 'com.xiaohai.system.controller.LoginController.login', 'POST', 'http://localhost:8089/api/login', '127.0.0.1', 'Windows 10', 'Chrome 11', '[{\"username\":\"zhangning\",\"password\":\"123456\",\"rememberMe\":false}]', '{\"code\":200,\"msg\":\"登录成功！\",\"data\":\"8ff8056a-c4cb-443b-8dc5-03353448b24d\"}', NULL, '0', 'zhangning', '2023-06-15 22:21:50');
INSERT INTO `sys_log` VALUES (422, '登录', 'com.xiaohai.system.controller.LoginController.login', 'POST', 'http://localhost:8089/api/login', '127.0.0.1', 'Windows 10', 'Chrome 11', '[{\"username\":\"user\",\"password\":\"123456\",\"rememberMe\":false}]', '{\"code\":200,\"msg\":\"登录成功！\",\"data\":\"4931bcf9-85ab-449b-98d0-06a1354a6302\"}', NULL, '0', 'user', '2023-06-15 22:22:22');
INSERT INTO `sys_log` VALUES (423, '登录', 'com.xiaohai.system.controller.LoginController.login', 'POST', 'http://localhost:8089/api/login', '127.0.0.1', 'Windows 10', 'Chrome 11', '[{\"username\":\"admin\",\"password\":\"123456\",\"rememberMe\":false}]', '{\"code\":200,\"msg\":\"登录成功！\",\"data\":\"ee7b5d7c-ce50-4009-9a62-57ad203bf742\"}', NULL, '0', 'admin', '2023-06-15 22:22:33');
INSERT INTO `sys_log` VALUES (424, '登录', 'com.xiaohai.system.controller.LoginController.login', 'POST', 'http://localhost:8089/api/login', '127.0.0.1', 'Windows 10', 'Chrome 11', '[{\"username\":\"zhangning\",\"password\":\"123456\",\"rememberMe\":false}]', '{\"code\":200,\"msg\":\"登录成功！\",\"data\":\"deb67953-3c09-4275-bce2-169f98a7ec4f\"}', NULL, '0', 'zhangning', '2023-06-15 22:22:59');
INSERT INTO `sys_log` VALUES (425, '登录', 'com.xiaohai.system.controller.LoginController.login', 'POST', 'http://localhost:8089/api/login', '127.0.0.1', 'Windows 10', 'Chrome 11', '[{\"username\":\"admin\",\"password\":\"123456\",\"rememberMe\":false}]', '{\"code\":200,\"msg\":\"登录成功！\",\"data\":\"309ec7c4-c856-4e5b-8fa4-5a25d9c154ad\"}', NULL, '0', 'admin', '2023-06-15 22:24:15');
INSERT INTO `sys_log` VALUES (426, '更新用户', 'com.xiaohai.system.controller.UserController.update', 'PUT', 'http://localhost:8089/api/system/user', '127.0.0.1', 'Windows 10', 'Chrome 11', '[{\"id\":10,\"username\":\"zhangning\",\"nickName\":\"zhangning\",\"gender\":\"2\",\"status\":\"0\",\"roleIds\":[2]}]', '{\"code\":200,\"msg\":\"更新用户表成功！\",\"data\":1}', NULL, '0', 'admin', '2023-06-15 22:24:31');
INSERT INTO `sys_log` VALUES (427, '登录', 'com.xiaohai.system.controller.LoginController.login', 'POST', 'http://localhost:8089/api/login', '127.0.0.1', 'Windows 10', 'Chrome 11', '[{\"username\":\"zhangning\",\"password\":\"123456\",\"rememberMe\":false}]', '{\"code\":200,\"msg\":\"登录成功！\",\"data\":\"bb85f395-c234-4de1-92c5-3280d2588bc8\"}', NULL, '0', 'zhangning', '2023-06-15 22:24:35');
INSERT INTO `sys_log` VALUES (428, '登录', 'com.xiaohai.system.controller.LoginController.login', 'POST', 'http://localhost:8089/api/login', '127.0.0.1', 'Windows 10', 'Chrome 11', '[{\"username\":\"admin\",\"password\":\"123456\",\"rememberMe\":false}]', '{\"code\":200,\"msg\":\"登录成功！\",\"data\":\"ba79a86f-64f5-4dc1-a4fd-27d72e88b462\"}', NULL, '0', 'admin', '2023-06-15 22:25:09');
INSERT INTO `sys_log` VALUES (429, '更新用户', 'com.xiaohai.system.controller.UserController.update', 'PUT', 'http://localhost:8089/api/system/user', '127.0.0.1', 'Windows 10', 'Chrome 11', '[{\"id\":4,\"username\":\"test\",\"nickName\":\"\",\"gender\":\"0\",\"status\":\"0\",\"roleIds\":[3]}]', '{\"code\":200,\"msg\":\"更新用户表成功！\",\"data\":1}', NULL, '0', 'admin', '2023-06-15 22:28:26');
INSERT INTO `sys_log` VALUES (430, '登录', 'com.xiaohai.system.controller.LoginController.login', 'POST', 'http://localhost:8089/api/login', '127.0.0.1', 'Windows 10', 'Chrome 11', '[{\"username\":\"test\",\"password\":\"123456\",\"rememberMe\":false}]', '{\"code\":200,\"msg\":\"登录成功！\",\"data\":\"9d191945-9b49-49ba-a4fc-f686ff74b170\"}', NULL, '0', 'test', '2023-06-15 22:28:36');
INSERT INTO `sys_log` VALUES (431, '登录', 'com.xiaohai.system.controller.LoginController.login', 'POST', 'http://localhost:8089/api/login', '127.0.0.1', 'Windows 10', 'Chrome 11', '[{\"username\":\"admin\",\"password\":\"123456\",\"rememberMe\":false}]', '{\"code\":200,\"msg\":\"登录成功！\",\"data\":\"7f0fdedc-7c63-4a94-8fc9-cb8974f2d5cf\"}', NULL, '0', 'admin', '2023-06-15 22:35:35');
INSERT INTO `sys_log` VALUES (432, '登录', 'com.xiaohai.system.controller.LoginController.login', 'POST', 'http://localhost:8089/api/login', '127.0.0.1', 'Windows 10', 'Chrome 11', '[{\"username\":\"test\",\"password\":\"123456\",\"rememberMe\":false}]', '{\"code\":200,\"msg\":\"登录成功！\",\"data\":\"0b3db93f-f400-48e8-b39a-6319871e3fa0\"}', NULL, '0', 'test', '2023-06-15 22:36:47');
INSERT INTO `sys_log` VALUES (433, '登录', 'com.xiaohai.system.controller.LoginController.login', 'POST', 'http://localhost:8089/api/login', '127.0.0.1', 'Windows 10', 'Chrome 11', '[{\"username\":\"admin\",\"password\":\"123456\",\"rememberMe\":false}]', '{\"code\":200,\"msg\":\"登录成功！\",\"data\":\"b6886e0e-cf98-4636-91d4-0c1268b9e8b6\"}', NULL, '0', 'admin', '2023-06-15 22:43:19');
INSERT INTO `sys_log` VALUES (434, '登录', 'com.xiaohai.system.controller.LoginController.login', 'POST', 'http://localhost:8089/api/login', '127.0.0.1', 'Windows 10', 'Chrome 11', '[{\"username\":\"admin\",\"password\":\"123456\",\"rememberMe\":false}]', '{\"code\":200,\"msg\":\"登录成功！\",\"data\":\"d1e81f5b-c970-47a1-93c4-35be63289edc\"}', NULL, '0', 'admin', '2023-06-15 22:43:57');
INSERT INTO `sys_log` VALUES (435, '登录', 'com.xiaohai.system.controller.LoginController.login', 'POST', 'http://localhost:8089/api/login', '127.0.0.1', 'Windows 10', 'Chrome 11', '[{\"username\":\"admin\",\"password\":\"123456\",\"rememberMe\":false}]', '{\"code\":200,\"msg\":\"登录成功！\",\"data\":\"da749059-b24f-43ca-b2a4-e49709a2df8c\"}', NULL, '0', 'admin', '2023-06-15 22:44:34');
INSERT INTO `sys_log` VALUES (436, '登录', 'com.xiaohai.system.controller.LoginController.login', 'POST', 'http://localhost:8089/api/login', '127.0.0.1', 'Windows 10', 'Chrome 11', '[{\"username\":\"test\",\"password\":\"123456\",\"rememberMe\":false}]', '{\"code\":200,\"msg\":\"登录成功！\",\"data\":\"b9fc6c20-6c3e-453c-9898-777cb4940695\"}', NULL, '0', 'test', '2023-06-15 22:44:46');
INSERT INTO `sys_log` VALUES (437, '登录', 'com.xiaohai.system.controller.LoginController.login', 'POST', 'http://localhost:8089/api/login', '127.0.0.1', 'Windows 10', 'Chrome 11', '[{\"username\":\"admin\",\"password\":\"123456\",\"rememberMe\":false}]', '{\"code\":200,\"msg\":\"登录成功！\",\"data\":\"81b7e774-9a32-40e7-8a70-04ae449f9bf6\"}', NULL, '0', 'admin', '2023-06-15 22:45:44');
INSERT INTO `sys_log` VALUES (438, '登录', 'com.xiaohai.system.controller.LoginController.login', 'POST', 'http://localhost:8089/api/login', '127.0.0.1', 'Windows 10', 'Chrome 11', '[{\"username\":\"admin\",\"password\":\"123456\",\"rememberMe\":false}]', '{\"code\":200,\"msg\":\"登录成功！\",\"data\":\"9896fb39-9c22-45e3-81eb-9e127e4f2ddd\"}', NULL, '0', 'admin', '2023-06-15 22:46:14');
INSERT INTO `sys_log` VALUES (439, '登录', 'com.xiaohai.system.controller.LoginController.login', 'POST', 'http://localhost:8089/api/login', '127.0.0.1', 'Windows 10', 'Chrome 11', '[{\"username\":\"zhangning\",\"password\":\"123456\",\"rememberMe\":false}]', '{\"code\":200,\"msg\":\"登录成功！\",\"data\":\"c7bbfbb5-a43a-46c6-8c2a-3b1154747f87\"}', NULL, '0', 'zhangning', '2023-06-15 22:47:11');
INSERT INTO `sys_log` VALUES (440, '登录', 'com.xiaohai.system.controller.LoginController.login', 'POST', 'http://localhost:8089/api/login', '127.0.0.1', 'Windows 10', 'Chrome 11', '[{\"username\":\"test\",\"password\":\"123456\",\"rememberMe\":false}]', '{\"code\":200,\"msg\":\"登录成功！\",\"data\":\"a58b42b9-beca-47c8-915b-35c5d4a34cf6\"}', NULL, '0', 'test', '2023-06-15 22:48:10');
INSERT INTO `sys_log` VALUES (441, '登录', 'com.xiaohai.system.controller.LoginController.login', 'POST', 'http://localhost:8089/api/login', '127.0.0.1', 'Windows 10', 'Chrome 11', '[{\"username\":\"test\",\"password\":\"123456\",\"rememberMe\":false}]', '{\"code\":200,\"msg\":\"登录成功！\",\"data\":\"785175f5-af16-46ae-a9c7-f73e0aee0348\"}', NULL, '0', 'test', '2023-06-15 22:57:46');
INSERT INTO `sys_log` VALUES (442, '登录', 'com.xiaohai.system.controller.LoginController.login', 'POST', 'http://localhost:8089/api/login', '127.0.0.1', 'Windows 10', 'Chrome 11', '[{\"username\":\"admin\",\"password\":\"123456\",\"rememberMe\":false}]', '{\"code\":200,\"msg\":\"登录成功！\",\"data\":\"6e0261ad-3fd8-4cc9-be34-46029bab51f8\"}', NULL, '0', 'admin', '2023-06-15 23:00:12');
INSERT INTO `sys_log` VALUES (443, '更新用户', 'com.xiaohai.system.controller.UserController.update', 'PUT', 'http://localhost:8089/api/system/user', '127.0.0.1', 'Windows 10', 'Chrome 11', '[{\"id\":4,\"username\":\"test\",\"nickName\":\"\",\"gender\":\"0\",\"status\":\"0\",\"roleIds\":[2]}]', '{\"code\":200,\"msg\":\"更新用户表成功！\",\"data\":1}', NULL, '0', 'admin', '2023-06-15 23:00:40');
INSERT INTO `sys_log` VALUES (444, '登录', 'com.xiaohai.system.controller.LoginController.login', 'POST', 'http://nas.dotcode.top:9000/api/login', '39.88.213.46', 'Mac OS X', 'Chrome 11', '[{\"username\":\"zhangning\",\"password\":\"123456\",\"rememberMe\":false}]', '{\"code\":200,\"msg\":\"登录成功！\",\"data\":\"0702fb62-0cb1-4fb0-9888-7fc1bed69e77\"}', NULL, '0', 'zhangning', '2023-06-16 14:43:18');
INSERT INTO `sys_log` VALUES (445, '登录', 'com.xiaohai.system.controller.LoginController.login', 'POST', 'http://nas.dotcode.top:9000/api/login', '39.88.213.46', 'Mac OS X', 'Chrome 11', '[{\"username\":\"admin\",\"password\":\"123456\",\"rememberMe\":false}]', '{\"code\":200,\"msg\":\"登录成功！\",\"data\":\"d89c4d79-23de-4b8d-9447-5363effda091\"}', NULL, '0', 'admin', '2023-06-16 14:44:36');
INSERT INTO `sys_log` VALUES (446, '登录', 'com.xiaohai.system.controller.LoginController.login', 'POST', 'http://nas.dotcode.top:9000/api/login', '39.88.213.46', 'Mac OS X', 'Chrome 11', '[{\"username\":\"zhangning\",\"password\":\"123456\",\"rememberMe\":false}]', '{\"code\":200,\"msg\":\"登录成功！\",\"data\":\"98fb3fbe-59f4-4d44-ab59-2b8ac7958759\"}', NULL, '0', 'zhangning', '2023-06-16 14:44:59');
INSERT INTO `sys_log` VALUES (447, '登录', 'com.xiaohai.system.controller.LoginController.login', 'POST', 'http://localhost:8089/api/login', '127.0.0.1', 'Windows 10', 'Chrome 11', '[{\"username\":\"admin\",\"password\":\"123456\",\"rememberMe\":false}]', '{\"code\":200,\"msg\":\"登录成功！\",\"data\":\"edd8809d-1d6a-486a-8aae-2d011fcbdc25\"}', NULL, '0', 'admin', '2023-06-16 14:56:23');
INSERT INTO `sys_log` VALUES (448, '登录', 'com.xiaohai.system.controller.LoginController.login', 'POST', 'http://localhost:8089/api/login', '127.0.0.1', 'Windows 10', 'Chrome 11', '[{\"username\":\"zhangning\",\"password\":\"123456\",\"rememberMe\":false}]', '{\"code\":200,\"msg\":\"登录成功！\",\"data\":\"d81cd726-bd37-4245-ab58-4be89b733764\"}', NULL, '0', 'zhangning', '2023-06-16 14:57:33');
INSERT INTO `sys_log` VALUES (449, '登录', 'com.xiaohai.system.controller.LoginController.login', 'POST', 'http://localhost:8089/api/login', '127.0.0.1', 'Windows 10', 'Chrome 11', '[{\"username\":\"admin\",\"password\":\"123456\",\"rememberMe\":false}]', '{\"code\":200,\"msg\":\"登录成功！\",\"data\":\"c2f2c7e9-549c-46e3-8bb7-5fc86296f69e\"}', NULL, '0', 'admin', '2023-06-16 14:59:32');
INSERT INTO `sys_log` VALUES (450, '登录', 'com.xiaohai.system.controller.LoginController.login', 'POST', 'http://nas.dotcode.top:9000/api/login', '39.88.213.46', 'Mac OS X', 'Chrome 11', '[{\"username\":\"zhangning\",\"password\":\"123456\",\"rememberMe\":false}]', '{\"code\":200,\"msg\":\"登录成功！\",\"data\":\"21031f22-7e1d-4b7a-9d7f-55a33196dfb0\"}', NULL, '0', 'zhangning', '2023-06-16 14:59:45');
INSERT INTO `sys_log` VALUES (451, '登录', 'com.xiaohai.system.controller.LoginController.login', 'POST', 'http://nas.dotcode.top:9000/api/login', '39.88.213.46', 'Mac OS X', 'Chrome 11', '[{\"username\":\"zhangning\",\"password\":\"123456\",\"rememberMe\":false}]', '{\"code\":200,\"msg\":\"登录成功！\",\"data\":\"7cb74cb8-83f0-417f-b418-9a8e13580c70\"}', NULL, '0', 'zhangning', '2023-06-16 14:59:59');
INSERT INTO `sys_log` VALUES (452, '更新角色', 'com.xiaohai.system.controller.RoleController.update', 'PUT', 'http://localhost:8089/api/system/role', '127.0.0.1', 'Windows 10', 'Chrome 11', '[{\"id\":2,\"code\":\"user\",\"name\":\"普通用户\",\"remarks\":\"\",\"status\":\"0\",\"menuIds\":[1,3,41,52,53,54,55,56,58,59,57,42,43,44,45,46,47,48,49,50,51,67,68,69,70,11]}]', '{\"code\":200,\"msg\":\"更新角色表成功！\",\"data\":1}', NULL, '0', 'admin', '2023-06-16 15:00:25');
INSERT INTO `sys_log` VALUES (453, '登录', 'com.xiaohai.system.controller.LoginController.login', 'POST', 'http://localhost:8089/api/login', '127.0.0.1', 'Windows 10', 'Chrome 11', '[{\"username\":\"zhangning\",\"password\":\"123456\",\"rememberMe\":false}]', '{\"code\":200,\"msg\":\"登录成功！\",\"data\":\"ac1cb208-b33f-4f9c-9585-2c096adce31b\"}', NULL, '0', 'zhangning', '2023-06-16 15:00:54');
INSERT INTO `sys_log` VALUES (454, '登录', 'com.xiaohai.system.controller.LoginController.login', 'POST', 'http://localhost:8089/api/login', '127.0.0.1', 'Windows 10', 'Chrome 11', '[{\"username\":\"admin\",\"password\":\"123456\",\"rememberMe\":false}]', '{\"code\":200,\"msg\":\"登录成功！\",\"data\":\"39349a91-5057-4700-b256-df84ffbbbb80\"}', NULL, '0', 'admin', '2023-06-16 15:01:16');
INSERT INTO `sys_log` VALUES (455, '更新角色', 'com.xiaohai.system.controller.RoleController.update', 'PUT', 'http://localhost:8089/api/system/role', '127.0.0.1', 'Windows 10', 'Chrome 11', '[{\"id\":2,\"code\":\"user\",\"name\":\"普通用户\",\"remarks\":\"\",\"status\":\"0\",\"menuIds\":[41,52,53,54,55,56,58,59,57,42,43,44,45,46,47,48,49,50,51,67,68,69,70]}]', '{\"code\":200,\"msg\":\"更新角色表成功！\",\"data\":1}', NULL, '0', 'admin', '2023-06-16 15:03:01');
INSERT INTO `sys_log` VALUES (456, '更新用户', 'com.xiaohai.system.controller.UserController.update', 'PUT', 'http://nas.dotcode.top:9000/api/system/user', '39.88.213.46', 'Mac OS X', 'Chrome 11', '[{\"id\":10,\"username\":\"zhangning\",\"nickName\":\"zhangning\",\"gender\":\"2\",\"avatar\":\"/avatar/10/1686899075353.png\",\"status\":\"0\",\"roleIds\":[2]}]', '{\"code\":200,\"msg\":\"更新用户表成功！\",\"data\":1}', NULL, '0', 'zhangning', '2023-06-16 15:04:36');
INSERT INTO `sys_log` VALUES (457, '登录', 'com.xiaohai.system.controller.LoginController.login', 'POST', 'http://localhost:8089/api/login', '127.0.0.1', 'Windows 10', 'Chrome 11', '[{\"username\":\"test\",\"password\":\"123456\",\"rememberMe\":false}]', '{\"code\":200,\"msg\":\"登录成功！\",\"data\":\"ab6ccd8b-f70d-4a31-82c8-12ed877c6309\"}', NULL, '0', 'test', '2023-06-16 15:06:12');
INSERT INTO `sys_log` VALUES (458, '更新用户', 'com.xiaohai.system.controller.UserController.update', 'PUT', 'http://localhost:8089/api/system/user', '127.0.0.1', 'Windows 10', 'Chrome 11', '[{\"id\":4,\"username\":\"test\",\"nickName\":\"\",\"gender\":\"0\",\"avatar\":\"/avatar/4/1686899212304.png\",\"status\":\"0\",\"roleIds\":[2]}]', '{\"code\":200,\"msg\":\"更新用户表成功！\",\"data\":1}', NULL, '0', 'test', '2023-06-16 15:06:52');
INSERT INTO `sys_log` VALUES (459, '登录', 'com.xiaohai.system.controller.LoginController.login', 'POST', 'http://localhost:8089/api/login', '127.0.0.1', 'Windows 10', 'Chrome 11', '[{\"username\":\"admin\",\"password\":\"123456\",\"rememberMe\":false}]', '{\"code\":200,\"msg\":\"登录成功！\",\"data\":\"6bdf18a1-ae63-412d-a872-a5a124c42bc3\"}', NULL, '0', 'admin', '2023-06-16 15:09:27');
INSERT INTO `sys_log` VALUES (460, '登录', 'com.xiaohai.system.controller.LoginController.login', 'POST', 'http://nas.dotcode.top:9000/api/login', '39.88.213.46', 'Mac OS X', 'Chrome 11', '[{\"username\":\"zhangning\",\"password\":\"123456\",\"rememberMe\":false}]', '{\"code\":200,\"msg\":\"登录成功！\",\"data\":\"7a932dbd-86e7-4afc-9bcc-ca8a8e38d845\"}', NULL, '0', 'zhangning', '2023-06-16 15:22:42');
INSERT INTO `sys_log` VALUES (461, '登录', 'com.xiaohai.system.controller.LoginController.login', 'POST', 'http://nas.dotcode.top:9000/api/login', '39.88.213.46', 'Mac OS X', 'Chrome 11', '[{\"username\":\"zhangning\",\"password\":\"123456\",\"rememberMe\":false}]', '{\"code\":200,\"msg\":\"登录成功！\",\"data\":\"78a40be3-1a18-4cd4-89c3-66b32add3a7b\"}', NULL, '0', 'zhangning', '2023-06-16 15:23:17');
INSERT INTO `sys_log` VALUES (462, '登录', 'com.xiaohai.system.controller.LoginController.login', 'POST', 'http://nas.dotcode.top:9000/api/login', '39.88.213.46', 'Mac OS X', 'Chrome 11', '[{\"username\":\"admin\",\"password\":\"123456\",\"rememberMe\":false}]', '{\"code\":200,\"msg\":\"登录成功！\",\"data\":\"f3293520-fdc1-46f5-9492-bf3c3d2b2e52\"}', NULL, '0', 'admin', '2023-06-16 15:58:28');
INSERT INTO `sys_log` VALUES (463, '登录', 'com.xiaohai.system.controller.LoginController.login', 'POST', 'http://nas.dotcode.top:9000/api/login', '39.88.213.46', 'Mac OS X', 'Chrome 11', '[{\"username\":\"admin\",\"password\":\"123456\",\"rememberMe\":false}]', '{\"code\":200,\"msg\":\"登录成功！\",\"data\":\"41ee313c-22a5-406b-9e0a-7da3e0213d24\"}', NULL, '0', 'admin', '2023-06-16 15:58:31');
INSERT INTO `sys_log` VALUES (464, '登录', 'com.xiaohai.system.controller.LoginController.login', 'POST', 'http://nas.dotcode.top:9000/api/login', '39.88.213.46', 'Mac OS X', 'Chrome 11', '[{\"username\":\"admin\",\"password\":\"123456\",\"rememberMe\":false}]', '{\"code\":200,\"msg\":\"登录成功！\",\"data\":\"6b2694bb-7822-4281-a7a4-4c8ef45a96d0\"}', NULL, '0', 'admin', '2023-06-16 15:58:38');
INSERT INTO `sys_log` VALUES (465, '登录', 'com.xiaohai.system.controller.LoginController.login', 'POST', 'http://nas.dotcode.top:9000/api/login', '39.88.213.46', 'Mac OS X', 'Chrome 11', '[{\"username\":\"zhangning\",\"password\":\"123456\",\"rememberMe\":false}]', '{\"code\":200,\"msg\":\"登录成功！\",\"data\":\"6dbd46ec-e268-4dfe-bcd9-5c6256871638\"}', NULL, '0', 'zhangning', '2023-06-16 15:58:56');
INSERT INTO `sys_log` VALUES (466, '登录', 'com.xiaohai.system.controller.LoginController.login', 'POST', 'http://nas.dotcode.top:9000/api/login', '39.88.213.46', 'Mac OS X', 'Chrome 11', '[{\"username\":\"zhangning\",\"password\":\"123456\",\"rememberMe\":false}]', '{\"code\":200,\"msg\":\"登录成功！\",\"data\":\"b8449fe2-6aad-4d68-b7ee-fb46c31dad65\"}', NULL, '0', 'zhangning', '2023-06-16 16:22:22');
INSERT INTO `sys_log` VALUES (467, '登录', 'com.xiaohai.system.controller.LoginController.login', 'POST', 'http://nas.dotcode.top:9000/api/login', '39.88.213.46', 'Mac OS X', 'Chrome 11', '[{\"username\":\"zhangning\",\"password\":\"123456\",\"rememberMe\":false}]', '{\"code\":200,\"msg\":\"登录成功！\",\"data\":\"1cf42745-8161-40c5-b710-caf93218751a\"}', NULL, '0', 'zhangning', '2023-06-16 16:22:39');
INSERT INTO `sys_log` VALUES (468, '登录', 'com.xiaohai.system.controller.LoginController.login', 'POST', 'http://localhost:8089/api/login', '127.0.0.1', 'Windows 10', 'Chrome 11', '[{\"username\":\"admin\",\"password\":\"123456\",\"rememberMe\":false}]', '{\"code\":200,\"msg\":\"登录成功！\",\"data\":\"67d65052-434c-4dcf-8c00-d27a50cded9d\"}', NULL, '0', 'admin', '2023-06-16 16:23:48');
INSERT INTO `sys_log` VALUES (469, '登录', 'com.xiaohai.system.controller.LoginController.login', 'POST', 'http://localhost:8089/api/login', '127.0.0.1', 'Windows 10', 'Chrome 11', '[{\"username\":\"test\",\"password\":\"123456\",\"rememberMe\":false}]', '{\"code\":200,\"msg\":\"登录成功！\",\"data\":\"b9d0342c-26b1-45e2-9582-b48c26077e5d\"}', NULL, '0', 'test', '2023-06-16 16:24:08');
INSERT INTO `sys_log` VALUES (470, '登录', 'com.xiaohai.system.controller.LoginController.login', 'POST', 'http://nas.dotcode.top:9000/api/login', '39.88.213.46', 'Mac OS X', 'Chrome 11', '[{\"username\":\"admin\",\"password\":\"123456\",\"rememberMe\":false}]', '{\"code\":200,\"msg\":\"登录成功！\",\"data\":\"2f37bb8c-f2eb-45b7-a345-e6de3d24b6c9\"}', NULL, '0', 'admin', '2023-06-16 16:24:57');
INSERT INTO `sys_log` VALUES (471, '登录', 'com.xiaohai.system.controller.LoginController.login', 'POST', 'http://nas.dotcode.top:9000/api/login', '39.88.213.46', 'Mac OS X', 'Chrome 11', '[{\"username\":\"zhangning\",\"password\":\"123456\",\"rememberMe\":false}]', '{\"code\":200,\"msg\":\"登录成功！\",\"data\":\"87ee13cd-b068-4c0e-aec3-da46f01d71a9\"}', NULL, '0', 'zhangning', '2023-06-16 16:25:13');
INSERT INTO `sys_log` VALUES (472, '登录', 'com.xiaohai.system.controller.LoginController.login', 'POST', 'http://nas.dotcode.top:9000/api/login', '39.88.213.46', 'Mac OS X', 'Chrome 11', '[{\"username\":\"zhangning\",\"password\":\"123456\",\"rememberMe\":false}]', '{\"code\":200,\"msg\":\"登录成功！\",\"data\":\"4b496660-6bef-44c2-a544-219399dbb50a\"}', NULL, '0', 'zhangning', '2023-06-16 16:26:19');
INSERT INTO `sys_log` VALUES (473, '登录', 'com.xiaohai.system.controller.LoginController.login', 'POST', 'http://nas.dotcode.top:9000/api/login', '39.88.213.46', 'Mac OS X', 'Chrome 11', '[{\"username\":\"zhangning\",\"password\":\"123456\",\"rememberMe\":false}]', '{\"code\":200,\"msg\":\"登录成功！\",\"data\":\"dac565b9-8000-4aed-b647-38e9bb5f5bf2\"}', NULL, '0', 'zhangning', '2023-06-16 16:27:09');
INSERT INTO `sys_log` VALUES (474, '登录', 'com.xiaohai.system.controller.LoginController.login', 'POST', 'http://nas.dotcode.top:9000/api/login', '39.88.213.46', 'Mac OS X', 'Chrome 11', '[{\"username\":\"zhangning\",\"password\":\"123456\",\"rememberMe\":false}]', '{\"code\":200,\"msg\":\"登录成功！\",\"data\":\"5a88d298-1f31-4b2e-bce7-8c52f0f082e0\"}', NULL, '0', 'zhangning', '2023-06-16 16:27:48');
INSERT INTO `sys_log` VALUES (475, '登录', 'com.xiaohai.system.controller.LoginController.login', 'POST', 'http://nas.dotcode.top:9000/api/login', '39.88.213.46', 'Mac OS X', 'Chrome 11', '[{\"username\":\"zhangning\",\"password\":\"123456\",\"rememberMe\":false}]', '{\"code\":200,\"msg\":\"登录成功！\",\"data\":\"a72341fb-30e6-43ab-92a1-26d03f2dde5f\"}', NULL, '0', 'zhangning', '2023-06-16 16:30:43');
INSERT INTO `sys_log` VALUES (476, '登录', 'com.xiaohai.system.controller.LoginController.login', 'POST', 'http://nas.dotcode.top:9000/api/login', '39.88.213.46', 'Mac OS X', 'Chrome 11', '[{\"username\":\"zhangning\",\"password\":\"123456\",\"rememberMe\":false}]', '{\"code\":200,\"msg\":\"登录成功！\",\"data\":\"b1a285f7-1c06-455b-94af-e0a7ff5cb7b5\"}', NULL, '0', 'zhangning', '2023-06-16 16:31:24');
INSERT INTO `sys_log` VALUES (477, '登录', 'com.xiaohai.system.controller.LoginController.login', 'POST', 'http://nas.dotcode.top:9000/api/login', '39.88.213.46', 'Mac OS X', 'Chrome 11', '[{\"username\":\"zhangning\",\"password\":\"123456\",\"rememberMe\":false}]', '{\"code\":200,\"msg\":\"登录成功！\",\"data\":\"2373afe5-f832-4e96-9a00-7db6ec019678\"}', NULL, '0', 'zhangning', '2023-06-16 17:08:45');
INSERT INTO `sys_log` VALUES (478, '登录', 'com.xiaohai.system.controller.LoginController.login', 'POST', 'http://nas.dotcode.top:9000/api/login', '192.168.68.1', 'Windows 10', 'Chrome 11', '[{\"username\":\"admin\",\"password\":\"123456\",\"rememberMe\":false}]', '{\"code\":200,\"msg\":\"登录成功！\",\"data\":\"70d63c12-e5cb-4d12-a967-1eab6236083a\"}', NULL, '0', 'admin', '2023-06-16 21:51:46');
INSERT INTO `sys_log` VALUES (479, '登录', 'com.xiaohai.system.controller.LoginController.login', 'POST', 'http://nas.dotcode.top:9000/api/login', '192.168.68.1', 'Windows 10', 'Chrome 11', '[{\"username\":\"test\",\"password\":\"123456\",\"rememberMe\":false}]', '{\"code\":200,\"msg\":\"登录成功！\",\"data\":\"d375b840-61f6-44a8-802e-a82ec7ef18d2\"}', NULL, '0', 'test', '2023-06-16 22:04:28');
INSERT INTO `sys_log` VALUES (480, '登录', 'com.xiaohai.system.controller.LoginController.login', 'POST', 'http://nas.dotcode.top:9000/api/login', '192.168.68.1', 'Windows 10', 'Chrome 11', '[{\"username\":\"admin\",\"password\":\"123456\",\"rememberMe\":false}]', '{\"code\":200,\"msg\":\"登录成功！\",\"data\":\"79277e32-286f-46dc-9454-044810548c36\"}', NULL, '0', 'admin', '2023-06-19 09:53:39');
INSERT INTO `sys_log` VALUES (481, '登录', 'com.xiaohai.system.controller.LoginController.login', 'POST', 'http://localhost:8089/api/login', '127.0.0.1', 'Windows 10', 'Chrome 11', '[{\"username\":\"test\",\"password\":\"123456\",\"rememberMe\":false}]', '{\"code\":200,\"msg\":\"登录成功！\",\"data\":\"84c043a9-4a5f-41e6-82fd-3f362e82cd5d\"}', NULL, '0', 'test', '2023-06-19 15:14:55');
INSERT INTO `sys_log` VALUES (482, '获取随机图片(必应)', 'com.xiaohai.note.controller.ArticleController.wallpaper', 'GET', 'http://localhost:8089/api/note/article/bing-wallpaper', '127.0.0.1', 'Windows 10', 'Chrome 11', '[]', '{\"code\":200,\"msg\":\"获取随机图片成功！\",\"data\":\"/image/4/20230613.jpg\"}', NULL, '0', 'test', '2023-06-19 15:16:27');
INSERT INTO `sys_log` VALUES (483, '新增文章', 'com.xiaohai.note.controller.ArticleController.add', 'POST', 'http://localhost:8089/api/note/article', '127.0.0.1', 'Windows 10', 'Chrome 11', '[{\"title\":\"我是测试用户呀\",\"summary\":\"١١(❛ᴗ❛)吃吃吃!!\",\"categoryId\":2,\"tags\":[2],\"cover\":\"/image/4/20230613.jpg\",\"isTop\":0,\"isPush\":1,\"isOriginal\":0,\"originalUrl\":\"\",\"text\":\"阿啦啦啦\"}]', '{\"code\":200,\"msg\":\"新增文章成功！\",\"data\":1}', NULL, '0', 'test', '2023-06-19 15:16:29');
INSERT INTO `sys_log` VALUES (484, '是否顶置', 'com.xiaohai.note.controller.ArticleController.top', 'PUT', 'http://localhost:8089/api/note/article/top/12', '127.0.0.1', 'Windows 10', 'Chrome 11', '[12]', '{\"code\":400,\"msg\":\"已存在顶置\"}', NULL, '0', 'test', '2023-06-19 15:16:34');
INSERT INTO `sys_log` VALUES (485, '登录', 'com.xiaohai.system.controller.LoginController.login', 'POST', 'http://localhost:8089/api/login', '127.0.0.1', 'Windows 10', 'Chrome 11', '[{\"username\":\"admin\",\"password\":\"123456\",\"rememberMe\":false}]', '{\"code\":200,\"msg\":\"登录成功！\",\"data\":\"48a9b0b3-e03e-4efd-8518-8e307a055645\"}', NULL, '0', 'admin', '2023-06-19 15:16:50');
INSERT INTO `sys_log` VALUES (486, '是否顶置', 'com.xiaohai.note.controller.ArticleController.top', 'PUT', 'http://localhost:8089/api/note/article/top/12', '127.0.0.1', 'Windows 10', 'Chrome 11', '[12]', '{\"code\":400,\"msg\":\"已存在顶置\"}', NULL, '0', 'admin', '2023-06-19 15:16:57');
INSERT INTO `sys_log` VALUES (487, '更新角色', 'com.xiaohai.system.controller.RoleController.update', 'PUT', 'http://localhost:8089/api/system/role', '127.0.0.1', 'Windows 10', 'Chrome 11', '[{\"id\":2,\"code\":\"user\",\"name\":\"普通用户\",\"remarks\":\"\",\"status\":\"0\",\"menuIds\":[41,52,53,54,55,56,59,57,42,43,44,45,46,47,48,49,50,51,67,68,69,70]}]', '{\"code\":200,\"msg\":\"更新角色表成功！\",\"data\":1}', NULL, '0', 'admin', '2023-06-19 15:17:23');
INSERT INTO `sys_log` VALUES (488, '更新角色', 'com.xiaohai.system.controller.RoleController.update', 'PUT', 'http://localhost:8089/api/system/role', '127.0.0.1', 'Windows 10', 'Chrome 11', '[{\"id\":2,\"code\":\"user\",\"name\":\"普通用户\",\"remarks\":\"\",\"status\":\"0\",\"menuIds\":[41,42,47,52,53,54,55,56,59,57,43,44,48,49,67,68,69,70]}]', '{\"code\":200,\"msg\":\"更新角色表成功！\",\"data\":1}', NULL, '0', 'admin', '2023-06-19 15:18:56');
INSERT INTO `sys_log` VALUES (489, '登录', 'com.xiaohai.system.controller.LoginController.login', 'POST', 'http://localhost:8089/api/login', '127.0.0.1', 'Windows 10', 'Chrome 11', '[{\"username\":\"admin\",\"password\":\"123456\",\"rememberMe\":false}]', '{\"code\":200,\"msg\":\"登录成功！\",\"data\":\"db46e545-b495-4428-a86d-04b40fd6bab1\"}', NULL, '0', 'admin', '2023-06-21 14:01:13');
INSERT INTO `sys_log` VALUES (490, '登录', 'com.xiaohai.system.controller.LoginController.login', 'POST', 'http://localhost:8089/api/login', '127.0.0.1', 'Windows 10', 'Chrome 11', '[{\"username\":\"admin\",\"password\":\"123456\",\"rememberMe\":false}]', '{\"code\":200,\"msg\":\"登录成功！\",\"data\":\"dad719f4-6005-49d7-9bc8-5a5a679c100d\"}', NULL, '0', 'admin', '2023-06-21 15:01:52');
INSERT INTO `sys_log` VALUES (491, '登录', 'com.xiaohai.system.controller.LoginController.login', 'POST', 'http://localhost:8089/api/login', '127.0.0.1', 'Windows 10', 'Chrome 11', '[{\"username\":\"test\",\"password\":\"123456\",\"rememberMe\":false}]', '{\"code\":200,\"msg\":\"登录成功！\",\"data\":\"d37f22a8-4719-4cc6-bd48-2a20c2871c36\"}', NULL, '0', 'test', '2023-06-21 15:39:20');
INSERT INTO `sys_log` VALUES (492, '登录', 'com.xiaohai.system.controller.LoginController.login', 'POST', 'http://localhost:8089/api/login', '127.0.0.1', 'Windows 10', 'Chrome 11', '[{\"username\":\"admin\",\"password\":\"123456\",\"rememberMe\":false}]', '{\"code\":200,\"msg\":\"登录成功！\",\"data\":\"810ee706-cedf-47ab-9a2a-a95d9e280fac\"}', NULL, '0', 'admin', '2023-06-21 15:40:34');
INSERT INTO `sys_log` VALUES (493, '登录', 'com.xiaohai.system.controller.LoginController.login', 'POST', 'http://localhost:8089/api/login', '127.0.0.1', 'Windows 10', 'Chrome 11', '[{\"username\":\"admin\",\"password\":\"123456\",\"rememberMe\":false}]', '{\"code\":200,\"msg\":\"登录成功！\",\"data\":\"d777d50d-7146-4012-ab1f-89d9060f5317\"}', NULL, '0', 'admin', '2023-06-21 16:49:55');
INSERT INTO `sys_log` VALUES (494, '登录', 'com.xiaohai.system.controller.LoginController.login', 'POST', 'http://127.0.0.1/prod-api/login', '127.0.0.1', 'Windows 10', 'Chrome 11', '[{\"username\":\"admin\",\"password\":\"123456\",\"rememberMe\":false}]', '{\"code\":200,\"msg\":\"登录成功！\",\"data\":\"29fe5072-a27d-4f73-a4c4-bdcacfb9bcef\"}', NULL, '0', 'admin', '2023-06-25 17:29:34');
INSERT INTO `sys_log` VALUES (495, '登录', 'com.xiaohai.system.controller.LoginController.login', 'POST', 'http://127.0.0.1/prod-api/login', '127.0.0.1', 'Windows 10', 'Chrome 11', '[{\"username\":\"admin\",\"password\":\"123456\",\"rememberMe\":false}]', '{\"code\":200,\"msg\":\"登录成功！\",\"data\":\"200c072a-61d4-4706-b99f-5ccf530eef8b\"}', NULL, '0', 'admin', '2023-06-25 17:29:38');
INSERT INTO `sys_log` VALUES (496, '登录', 'com.xiaohai.system.controller.LoginController.login', 'POST', 'http://127.0.0.1/prod-api/login', '127.0.0.1', 'Windows 10', 'Chrome 11', '[{\"username\":\"admin\",\"password\":\"123456\",\"rememberMe\":false}]', '{\"code\":200,\"msg\":\"登录成功！\",\"data\":\"d64a9f6b-23d0-4d06-997a-04cd5498b75a\"}', NULL, '0', 'admin', '2023-06-25 17:29:52');
INSERT INTO `sys_log` VALUES (497, '登录', 'com.xiaohai.system.controller.LoginController.login', 'POST', 'http://127.0.0.1/prod-api/login', '127.0.0.1', 'Windows 10', 'Chrome 11', '[{\"username\":\"admin\",\"password\":\"123456\",\"rememberMe\":false}]', '{\"code\":200,\"msg\":\"登录成功！\",\"data\":\"edb9e94b-59ab-48ce-b1a1-bb3733ca830d\"}', NULL, '0', 'admin', '2023-06-25 17:30:13');
INSERT INTO `sys_log` VALUES (498, '登录', 'com.xiaohai.system.controller.LoginController.login', 'POST', 'http://127.0.0.1/prod-api/login', '127.0.0.1', 'Windows 10', 'Chrome 11', '[{\"username\":\"admin\",\"password\":\"123456\",\"rememberMe\":false}]', '{\"code\":200,\"msg\":\"登录成功！\",\"data\":\"4fcdf75c-be7a-45e4-8f86-2258aa4f1848\"}', NULL, '0', 'admin', '2023-06-25 17:30:26');
INSERT INTO `sys_log` VALUES (499, '登录', 'com.xiaohai.system.controller.LoginController.login', 'POST', 'http://127.0.0.1/prod-api/login', '127.0.0.1', 'Windows 10', 'Chrome 11', '[{\"username\":\"admin\",\"password\":\"123456\",\"rememberMe\":false}]', '{\"code\":200,\"msg\":\"登录成功！\",\"data\":\"98263ac7-fdc2-4c0e-914c-71fee9825469\"}', NULL, '0', 'admin', '2023-06-25 17:32:37');
INSERT INTO `sys_log` VALUES (500, '登录', 'com.xiaohai.system.controller.LoginController.login', 'POST', 'http://127.0.0.1/prod-api/login', '127.0.0.1', 'Windows 10', 'Chrome 11', '[{\"username\":\"admin\",\"password\":\"123456\",\"rememberMe\":false}]', '{\"code\":200,\"msg\":\"登录成功！\",\"data\":\"0ed65f55-8884-4a2a-b892-87c0129cfb37\"}', NULL, '0', 'admin', '2023-06-25 17:35:37');
INSERT INTO `sys_log` VALUES (501, '登录', 'com.xiaohai.system.controller.LoginController.login', 'POST', 'http://127.0.0.1/prod-api/login', '127.0.0.1', 'Windows 10', 'Chrome 11', '[{\"username\":\"admin\",\"password\":\"123456\",\"rememberMe\":false}]', '{\"code\":200,\"msg\":\"登录成功！\",\"data\":\"c19b4de3-2b84-422c-a95d-80121fb4b046\"}', NULL, '0', 'admin', '2023-06-25 17:35:45');
INSERT INTO `sys_log` VALUES (502, '登录', 'com.xiaohai.system.controller.LoginController.login', 'POST', 'http://127.0.0.1/prod-api/login', '127.0.0.1', 'Windows 10', 'Chrome 11', '[{\"username\":\"admin\",\"password\":\"123456\",\"rememberMe\":false}]', '{\"code\":200,\"msg\":\"登录成功！\",\"data\":\"be8086c7-6b4d-4c68-9f97-d780df26e863\"}', NULL, '0', 'admin', '2023-06-25 17:37:34');
INSERT INTO `sys_log` VALUES (503, '登录', 'com.xiaohai.system.controller.LoginController.login', 'POST', 'http://127.0.0.1/prod-api/login', '127.0.0.1', 'Windows 10', 'Chrome 11', '[{\"username\":\"admin\",\"password\":\"123456\",\"rememberMe\":false}]', '{\"code\":200,\"msg\":\"登录成功！\",\"data\":\"765c2270-ebe4-4602-ae3e-4b3661d858d2\"}', NULL, '0', 'admin', '2023-06-25 17:37:46');
INSERT INTO `sys_log` VALUES (504, '登录', 'com.xiaohai.system.controller.LoginController.login', 'POST', 'http://127.0.0.1/prod-api/login', '127.0.0.1', 'Windows 10', 'Chrome 11', '[{\"username\":\"admin\",\"password\":\"123456\",\"rememberMe\":false}]', '{\"code\":200,\"msg\":\"登录成功！\",\"data\":\"1633c2d5-3334-48f7-bb6f-fa0d9b8d453d\"}', NULL, '0', 'admin', '2023-06-25 17:39:10');
INSERT INTO `sys_log` VALUES (505, '登录', 'com.xiaohai.system.controller.LoginController.login', 'POST', 'http://127.0.0.1/prod-api/login', '127.0.0.1', 'Windows 10', 'Chrome 11', '[{\"username\":\"admin\",\"password\":\"123456\",\"rememberMe\":false}]', '{\"code\":200,\"msg\":\"登录成功！\",\"data\":\"a570b65d-1887-4e0c-b068-aad1f5d85ff9\"}', NULL, '0', 'admin', '2023-06-25 17:42:09');
INSERT INTO `sys_log` VALUES (506, '登录', 'com.xiaohai.system.controller.LoginController.login', 'POST', 'http://localhost:8089/api/login', '127.0.0.1', 'Windows 10', 'Chrome 11', '[{\"username\":\"admin\",\"password\":\"123456\",\"rememberMe\":false}]', '{\"code\":200,\"msg\":\"登录成功！\",\"data\":\"7873532f-abaa-4b84-84a7-aa9534dbd03c\"}', NULL, '0', 'admin', '2023-06-26 15:38:33');
INSERT INTO `sys_log` VALUES (507, '登录', 'com.xiaohai.system.controller.LoginController.login', 'POST', 'http://localhost:8089/api/login', '127.0.0.1', 'Windows 10', 'Chrome 11', '[{\"username\":\"admin\",\"password\":\"123456\",\"rememberMe\":false}]', '{\"code\":200,\"msg\":\"登录成功！\",\"data\":\"2ff7ea2a-b3aa-4984-8f94-fbf5ebb3aa87\"}', NULL, '0', 'admin', '2023-06-26 16:59:19');
INSERT INTO `sys_log` VALUES (508, '删除角色', 'com.xiaohai.system.controller.RoleController.delete', 'DELETE', 'http://localhost:8089/api/system/role/2', '127.0.0.1', 'Windows 10', 'Chrome 11', '[[2]]', '{\"code\":400,\"msg\":\"admin和user角色不能删除\"}', NULL, '0', 'admin', '2023-06-26 17:16:02');
INSERT INTO `sys_log` VALUES (509, '更新角色', 'com.xiaohai.system.controller.RoleController.update', 'PUT', 'http://localhost:8089/api/system/role', '127.0.0.1', 'Windows 10', 'Chrome 11', '[{\"id\":1,\"code\":\"admin1\",\"name\":\"管理员\",\"remarks\":\"可以管理所有东西\",\"status\":\"0\",\"menuIds\":[41,52,53,54,55,56,58,59,57,42,43,44,45,46,47,48,49,50,51,67,68,69,70,1,3,13,10,11,12,4,14,15,16,17,31,39,40,2,18,19,20,21,5,22,23,25,24,30,9,26,27,28,29,35,36,37,38,6,7,8,65,66,32,33,34]}]', '{\"code\":200,\"msg\":\"更新角色表成功！\",\"data\":1}', NULL, '0', 'admin', '2023-06-26 17:31:26');
INSERT INTO `sys_log` VALUES (510, '更新角色', 'com.xiaohai.system.controller.RoleController.update', 'PUT', 'http://localhost:8089/api/system/role', '127.0.0.1', 'Windows 10', 'Chrome 11', '[{\"id\":1,\"code\":\"admin\",\"name\":\"管理员\",\"remarks\":\"可以管理所有东西\",\"status\":\"0\",\"menuIds\":[41,52,53,54,55,56,58,59,57,42,43,44,45,46,47,48,49,50,51,67,68,69,70,1,3,13,10,11,12,4,14,15,16,17,31,39,40,2,18,19,20,21,5,22,23,25,24,30,9,26,27,28,29,35,36,37,38,6,7,8,65,66,32,33,34]}]', '{\"code\":200,\"msg\":\"更新角色表成功！\",\"data\":1}', NULL, '0', 'admin', '2023-06-26 17:31:39');
INSERT INTO `sys_log` VALUES (511, '更新角色', 'com.xiaohai.system.controller.RoleController.update', 'PUT', 'http://localhost:8089/api/system/role', '127.0.0.1', 'Windows 10', 'Chrome 11', '[{\"id\":1,\"code\":\"admin1\",\"name\":\"管理员\",\"remarks\":\"可以管理所有东西\",\"status\":\"0\",\"menuIds\":[41,52,53,54,55,56,58,59,57,42,43,44,45,46,47,48,49,50,51,67,68,69,70,1,3,13,10,11,12,4,14,15,16,17,31,39,40,2,18,19,20,21,5,22,23,25,24,30,9,26,27,28,29,35,36,37,38,6,7,8,65,66,32,33,34]}]', '{\"code\":200,\"msg\":\"更新角色表成功！\",\"data\":1}', NULL, '0', 'admin', '2023-06-26 17:32:24');
INSERT INTO `sys_log` VALUES (512, '更新角色', 'com.xiaohai.system.controller.RoleController.update', 'PUT', 'http://localhost:8089/api/system/role', '127.0.0.1', 'Windows 10', 'Chrome 11', '[{\"id\":1,\"code\":\"admin\",\"name\":\"管理员\",\"remarks\":\"可以管理所有东西\",\"status\":\"0\",\"menuIds\":[41,52,53,54,55,56,58,59,57,42,43,44,45,46,47,48,49,50,51,67,68,69,70,1,3,13,10,11,12,4,14,15,16,17,31,39,40,2,18,19,20,21,5,22,23,25,24,30,9,26,27,28,29,35,36,37,38,6,7,8,65,66,32,33,34]}]', '{\"code\":200,\"msg\":\"更新角色表成功！\",\"data\":1}', NULL, '0', 'admin', '2023-06-26 17:32:29');
INSERT INTO `sys_log` VALUES (513, '更新角色', 'com.xiaohai.system.controller.RoleController.update', 'PUT', 'http://localhost:8089/api/system/role', '127.0.0.1', 'Windows 10', 'Chrome 11', '[{\"id\":1,\"code\":\"admin5\",\"name\":\"管理员\",\"remarks\":\"可以管理所有东西\",\"status\":\"0\",\"menuIds\":[41,52,53,54,55,56,58,59,57,42,43,44,45,46,47,48,49,50,51,67,68,69,70,1,3,13,10,11,12,4,14,15,16,17,31,39,40,2,18,19,20,21,5,22,23,25,24,30,9,26,27,28,29,35,36,37,38,6,7,8,65,66,32,33,34]}]', '{\"code\":400,\"msg\":\"admin角色不能修改编码\"}', NULL, '0', 'admin', '2023-06-26 17:33:06');
INSERT INTO `sys_log` VALUES (514, '更新角色', 'com.xiaohai.system.controller.RoleController.update', 'PUT', 'http://localhost:8089/api/system/role', '127.0.0.1', 'Windows 10', 'Chrome 11', '[{\"id\":1,\"code\":\"admin1\",\"name\":\"管理员\",\"remarks\":\"可以管理所有东西\",\"status\":\"0\",\"menuIds\":[41,52,53,54,55,56,58,59,57,42,43,44,45,46,47,48,49,50,51,67,68,69,70,1,3,13,10,11,12,4,14,15,16,17,31,39,40,2,18,19,20,21,5,22,23,25,24,30,9,26,27,28,29,35,36,37,38,6,7,8,65,66,32,33,34]}]', '{\"code\":400,\"msg\":\"admin角色不能修改编码\"}', NULL, '0', 'admin', '2023-06-26 17:33:15');
INSERT INTO `sys_log` VALUES (515, '更新角色', 'com.xiaohai.system.controller.RoleController.update', 'PUT', 'http://localhost:8089/api/system/role', '127.0.0.1', 'Windows 10', 'Chrome 11', '[{\"id\":1,\"code\":\"admin1\",\"name\":\"管理员\",\"remarks\":\"可以管理所有东西\",\"status\":\"0\",\"menuIds\":[41,52,53,54,55,56,58,59,57,42,43,44,45,46,47,48,49,50,51,67,68,69,70,1,3,13,10,11,12,4,14,15,16,17,31,39,40,2,18,19,20,21,5,22,23,25,24,30,9,26,27,28,29,35,36,37,38,6,7,8,65,66,32,33,34]}]', '{\"code\":400,\"msg\":\"admin角色不能修改编码\"}', NULL, '0', 'admin', '2023-06-26 17:33:25');
INSERT INTO `sys_log` VALUES (516, '更新角色', 'com.xiaohai.system.controller.RoleController.update', 'PUT', 'http://localhost:8089/api/system/role', '127.0.0.1', 'Windows 10', 'Chrome 11', '[{\"id\":2,\"code\":\"user1\",\"name\":\"普通用户\",\"remarks\":\"\",\"status\":\"0\",\"menuIds\":[41,52,53,54,55,56,59,57,42,43,44,47,48,49,67,68,69,70]}]', '{\"code\":400,\"msg\":\"user角色不能修改编码\"}', NULL, '0', 'admin', '2023-06-26 17:33:34');
INSERT INTO `sys_log` VALUES (517, '更新角色', 'com.xiaohai.system.controller.RoleController.update', 'PUT', 'http://localhost:8089/api/system/role', '127.0.0.1', 'Windows 10', 'Chrome 11', '[{\"id\":3,\"code\":\"test1\",\"name\":\"测试\",\"remarks\":\"测试\",\"status\":\"0\",\"menuIds\":[1,3,6,7,8]}]', '{\"code\":400,\"msg\":\"更新角色：test1失败，角色已存在\"}', NULL, '0', 'admin', '2023-06-26 17:33:41');
INSERT INTO `sys_log` VALUES (518, '更新角色', 'com.xiaohai.system.controller.RoleController.update', 'PUT', 'http://localhost:8089/api/system/role', '127.0.0.1', 'Windows 10', 'Chrome 11', '[{\"id\":3,\"code\":\"test2\",\"name\":\"测试\",\"remarks\":\"测试\",\"status\":\"0\",\"menuIds\":[1,3,6,7,8]}]', '{\"code\":200,\"msg\":\"更新角色表成功！\",\"data\":1}', NULL, '0', 'admin', '2023-06-26 17:33:48');
INSERT INTO `sys_log` VALUES (519, '更新角色', 'com.xiaohai.system.controller.RoleController.update', 'PUT', 'http://localhost:8089/api/system/role', '127.0.0.1', 'Windows 10', 'Chrome 11', '[{\"id\":3,\"code\":\"test\",\"name\":\"测试\",\"remarks\":\"测试\",\"status\":\"0\",\"menuIds\":[1,3,6,7,8]}]', '{\"code\":200,\"msg\":\"更新角色表成功！\",\"data\":1}', NULL, '0', 'admin', '2023-06-26 17:33:54');
INSERT INTO `sys_log` VALUES (520, '删除角色', 'com.xiaohai.system.controller.RoleController.delete', 'DELETE', 'http://localhost:8089/api/system/role/2', '127.0.0.1', 'Windows 10', 'Chrome 11', '[[2]]', '{\"code\":400,\"msg\":\"admin和user角色不能删除\"}', NULL, '0', 'admin', '2023-06-26 17:35:43');
INSERT INTO `sys_log` VALUES (521, '登录', 'com.xiaohai.system.controller.LoginController.login', 'POST', 'http://localhost:8089/api/login', '127.0.0.1', 'Windows 10', 'Chrome 11', '[{\"username\":\"admin\",\"password\":\"123456\",\"rememberMe\":false}]', '{\"code\":200,\"msg\":\"登录成功！\",\"data\":\"90b6e4b0-1c84-4dbc-9f50-d4f86df652c2\"}', NULL, '0', 'admin', '2023-06-26 17:59:44');
INSERT INTO `sys_log` VALUES (522, '登录', 'com.xiaohai.system.controller.LoginController.login', 'POST', 'http://localhost:8089/api/login', '127.0.0.1', 'Windows 10', 'Chrome 11', '[{\"username\":\"admin\",\"password\":\"123456\",\"rememberMe\":false}]', '{\"code\":200,\"msg\":\"登录成功！\",\"data\":\"f4286c5e-02ff-42aa-b01c-2e733739dc72\"}', NULL, '0', 'admin', '2023-06-27 09:01:44');
INSERT INTO `sys_log` VALUES (523, '登录', 'com.xiaohai.system.controller.LoginController.login', 'POST', 'http://localhost:8089/api/login', '127.0.0.1', 'Windows 10', 'Chrome 11', '[{\"username\":\"admin\",\"password\":\"123456\",\"rememberMe\":false}]', '{\"code\":200,\"msg\":\"登录成功！\",\"data\":\"eadb4b88-386b-4e5f-99e5-fd0a7ed1db5e\"}', NULL, '0', 'admin', '2023-06-27 12:02:26');
INSERT INTO `sys_log` VALUES (524, '登录', 'com.xiaohai.system.controller.LoginController.login', 'POST', 'http://localhost:8089/api/login', '127.0.0.1', 'Windows 10', 'Chrome 11', '[{\"username\":\"admin\",\"password\":\"123456\",\"rememberMe\":false}]', '{\"code\":200,\"msg\":\"登录成功！\",\"data\":\"8a9064e8-e64d-43ef-94be-583eaf12e092\"}', NULL, '0', 'admin', '2023-06-27 14:13:59');
INSERT INTO `sys_log` VALUES (525, '登录', 'com.xiaohai.system.controller.LoginController.login', 'POST', 'http://localhost:8089/api/login', '127.0.0.1', 'Windows 10', 'Chrome 11', '[{\"username\":\"admin\",\"password\":\"123456\",\"rememberMe\":false}]', '{\"code\":200,\"msg\":\"登录成功！\",\"data\":\"7b6f52ec-7330-4d45-b5e7-5ac2e6fdfb04\"}', NULL, '0', 'admin', '2023-06-27 17:33:29');
INSERT INTO `sys_log` VALUES (526, '登录', 'com.xiaohai.system.controller.LoginController.login', 'POST', 'http://localhost:8089/api/login', '127.0.0.1', 'Windows 10', 'Chrome 11', '[{\"username\":\"admin\",\"password\":\"123456\",\"rememberMe\":false}]', '{\"code\":200,\"msg\":\"登录成功！\",\"data\":\"51321db3-1e43-4558-b9a1-73ed1dac520d\"}', NULL, '0', 'admin', '2023-06-28 16:28:08');
INSERT INTO `sys_log` VALUES (527, '登录', 'com.xiaohai.system.controller.LoginController.login', 'POST', 'http://localhost:8089/api/login', '127.0.0.1', 'Windows 10', 'Chrome 11', '[{\"username\":\"admin\",\"password\":\"123456\",\"rememberMe\":false}]', '{\"code\":200,\"msg\":\"登录成功！\",\"data\":\"7a49583c-717f-4bb5-b247-a1bce5379a08\"}', NULL, '0', 'admin', '2023-06-28 16:30:31');
INSERT INTO `sys_log` VALUES (528, '登录', 'com.xiaohai.system.controller.LoginController.login', 'POST', 'http://localhost:8089/api/login', '127.0.0.1', 'Windows 10', 'Chrome 11', '[{\"username\":\"user\",\"password\":\"123456\",\"rememberMe\":false}]', '{\"code\":200,\"msg\":\"登录成功！\",\"data\":\"caf3e0fd-1c5e-4782-a8b8-3a0e431c7496\"}', NULL, '0', 'user', '2023-06-28 16:30:42');
INSERT INTO `sys_log` VALUES (529, '登录', 'com.xiaohai.system.controller.LoginController.login', 'POST', 'http://localhost:8089/api/login', '127.0.0.1', 'Windows 10', 'Chrome 11', '[{\"username\":\"admin\",\"password\":\"123456\",\"rememberMe\":false}]', '{\"code\":200,\"msg\":\"登录成功！\",\"data\":\"605f6c66-0002-4b1f-9d89-fe9c93410ced\"}', NULL, '0', 'admin', '2023-06-28 16:31:06');
INSERT INTO `sys_log` VALUES (530, '登录', 'com.xiaohai.system.controller.LoginController.login', 'POST', 'http://localhost:8089/api/login', '127.0.0.1', 'Windows 10', 'Chrome 11', '[{\"username\":\"user\",\"password\":\"123456\",\"rememberMe\":false}]', '{\"code\":200,\"msg\":\"登录成功！\",\"data\":\"fc68dae4-6e49-4f1f-b8ff-aa0084ea7f0a\"}', NULL, '0', 'user', '2023-06-28 16:35:06');
INSERT INTO `sys_log` VALUES (531, '登录', 'com.xiaohai.system.controller.LoginController.login', 'POST', 'http://localhost:8089/api/login', '127.0.0.1', 'Windows 10', 'Chrome 11', '[{\"username\":\"admin\",\"password\":\"123456\",\"rememberMe\":false}]', '{\"code\":200,\"msg\":\"登录成功！\",\"data\":\"a424a3de-5b49-438e-a9ca-ab4a7b740491\"}', NULL, '0', 'admin', '2023-06-28 16:36:05');
INSERT INTO `sys_log` VALUES (532, '登录', 'com.xiaohai.system.controller.LoginController.login', 'POST', 'http://localhost:8089/api/login', '127.0.0.1', 'Windows 10', 'Chrome 11', '[{\"username\":\"user\",\"password\":\"123456\",\"rememberMe\":false}]', '{\"code\":200,\"msg\":\"登录成功！\",\"data\":\"1edd5596-a68c-4bd9-8840-f1c00039e4e4\"}', NULL, '0', 'user', '2023-06-28 16:52:09');
INSERT INTO `sys_log` VALUES (533, '登录', 'com.xiaohai.system.controller.LoginController.login', 'POST', 'http://localhost:8089/api/login', '127.0.0.1', 'Windows 10', 'Chrome 11', '[{\"username\":\"admin\",\"password\":\"123456\",\"rememberMe\":false}]', '{\"code\":200,\"msg\":\"登录成功！\",\"data\":\"d813543e-a773-427c-b6ee-5e39075ef458\"}', NULL, '0', 'admin', '2023-06-28 16:52:31');
INSERT INTO `sys_log` VALUES (534, '登录', 'com.xiaohai.system.controller.LoginController.login', 'POST', 'http://localhost:8089/api/login', '127.0.0.1', 'Windows 10', 'Chrome 11', '[{\"username\":\"user\",\"password\":\"123456\",\"rememberMe\":false}]', '{\"code\":200,\"msg\":\"登录成功！\",\"data\":\"713737d8-7cd4-48b0-80f1-43ed746421c1\"}', NULL, '0', 'user', '2023-06-28 16:53:19');
INSERT INTO `sys_log` VALUES (535, '登录', 'com.xiaohai.system.controller.LoginController.login', 'POST', 'http://localhost:8089/api/login', '127.0.0.1', 'Windows 10', 'Chrome 11', '[{\"username\":\"test\",\"password\":\"123456\",\"rememberMe\":false}]', '{\"code\":200,\"msg\":\"登录成功！\",\"data\":\"cd79759a-f302-4cbe-8044-0dab2214daac\"}', NULL, '0', 'test', '2023-06-28 16:53:29');
INSERT INTO `sys_log` VALUES (536, '登录', 'com.xiaohai.system.controller.LoginController.login', 'POST', 'http://localhost:8089/api/login', '127.0.0.1', 'Windows 10', 'Chrome 11', '[{\"username\":\"admin\",\"password\":\"123456\",\"rememberMe\":false}]', '{\"code\":200,\"msg\":\"登录成功！\",\"data\":\"02fa2c43-af0f-4e46-bd2a-8e6040f53e74\"}', NULL, '0', 'admin', '2023-06-28 16:58:56');
INSERT INTO `sys_log` VALUES (537, '登录', 'com.xiaohai.system.controller.LoginController.login', 'POST', 'http://localhost:8089/api/login', '127.0.0.1', 'Windows 10', 'Chrome 11', '[{\"username\":\"tets\",\"password\":\"123456\",\"rememberMe\":false}]', '{\"code\":400,\"msg\":\"用户帐号或者密码错误!\"}', NULL, '0', NULL, '2023-06-28 17:00:18');
INSERT INTO `sys_log` VALUES (538, '登录', 'com.xiaohai.system.controller.LoginController.login', 'POST', 'http://localhost:8089/api/login', '127.0.0.1', 'Windows 10', 'Chrome 11', '[{\"username\":\"test\",\"password\":\"123456\",\"rememberMe\":false}]', '{\"code\":200,\"msg\":\"登录成功！\",\"data\":\"af3859c1-763d-4058-a8b1-42bc7c199871\"}', NULL, '0', 'test', '2023-06-28 17:00:24');
INSERT INTO `sys_log` VALUES (539, '登录', 'com.xiaohai.system.controller.LoginController.login', 'POST', 'http://localhost:8089/api/login', '127.0.0.1', 'Windows 10', 'Chrome 11', '[{\"username\":\"admin\",\"password\":\"123456\",\"rememberMe\":false}]', '{\"code\":200,\"msg\":\"登录成功！\",\"data\":\"f8fed89f-a02d-4224-8cd3-e287a22d158b\"}', NULL, '0', 'admin', '2023-06-28 17:11:25');
INSERT INTO `sys_log` VALUES (540, '登录', 'com.xiaohai.system.controller.LoginController.login', 'POST', 'http://localhost:8089/api/login', '127.0.0.1', 'Windows 10', 'Chrome 11', '[{\"username\":\"test\",\"password\":\"123456\",\"rememberMe\":false}]', '{\"code\":200,\"msg\":\"登录成功！\",\"data\":\"d96c3d1e-a7bc-4c5a-b26b-82e49334643f\"}', NULL, '0', 'test', '2023-06-28 17:17:04');
INSERT INTO `sys_log` VALUES (541, '登录', 'com.xiaohai.system.controller.LoginController.login', 'POST', 'http://localhost:8089/api/login', '127.0.0.1', 'Windows 10', 'Chrome 11', '[{\"username\":\"admin\",\"password\":\"123456\",\"rememberMe\":false}]', '{\"code\":200,\"msg\":\"登录成功！\",\"data\":\"bd2f42e7-4d85-48ce-a672-63ba39f83be7\"}', NULL, '0', 'admin', '2023-06-30 13:31:56');
INSERT INTO `sys_log` VALUES (542, '登录', 'com.xiaohai.system.controller.LoginController.login', 'POST', 'http://localhost:8089/api/login', '127.0.0.1', 'Windows 10', 'Chrome 11', '[{\"username\":\"admin\",\"password\":\"123456\",\"rememberMe\":false}]', '{\"code\":200,\"msg\":\"登录成功！\",\"data\":\"58474fea-296f-493b-bde3-990ca501db2a\"}', NULL, '0', 'admin', '2023-06-30 13:51:47');
INSERT INTO `sys_log` VALUES (543, '更新角色', 'com.xiaohai.system.controller.RoleController.update', 'PUT', 'http://localhost:8089/api/system/role', '127.0.0.1', 'Windows 10', 'Chrome 11', '[{\"id\":2,\"code\":\"user\",\"name\":\"普通用户\",\"remarks\":\"默认普通用户\",\"status\":\"0\",\"menuIds\":[41,52,53,54,55,56,59,57,42,43,44,47,48,49,67,68,69,70]}]', '{\"code\":200,\"msg\":\"更新角色表成功！\",\"data\":1}', NULL, '0', 'admin', '2023-06-30 13:59:01');
INSERT INTO `sys_log` VALUES (544, '更新角色', 'com.xiaohai.system.controller.RoleController.update', 'PUT', 'http://localhost:8089/api/system/role', '127.0.0.1', 'Windows 10', 'Chrome 11', '[{\"id\":1,\"code\":\"admin\",\"name\":\"管理员\",\"remarks\":\"默认管理员，可以管理所有东西\",\"status\":\"0\",\"menuIds\":[41,52,53,54,55,56,58,59,57,42,43,44,45,46,47,48,49,50,51,67,68,69,70,1,3,13,10,11,12,4,14,15,16,17,31,39,40,2,18,19,20,21,5,22,23,25,24,30,9,26,27,28,29,35,36,37,38,6,7,8,65,66,32,33,34]}]', '{\"code\":200,\"msg\":\"更新角色表成功！\",\"data\":1}', NULL, '0', 'admin', '2023-06-30 13:59:22');
INSERT INTO `sys_log` VALUES (545, '登录', 'com.xiaohai.system.controller.LoginController.login', 'POST', 'http://localhost:8089/api/login', '127.0.0.1', 'Windows 10', 'Chrome 11', '[{\"username\":\"admin\",\"password\":\"123456\",\"rememberMe\":false}]', '{\"code\":200,\"msg\":\"登录成功！\",\"data\":\"f788540f-97cf-4e22-b2dd-cf01cf5bc49a\"}', NULL, '0', 'admin', '2023-06-30 14:55:59');

-- ----------------------------
-- Table structure for sys_menu
-- ----------------------------
DROP TABLE IF EXISTS `sys_menu`;
CREATE TABLE `sys_menu`  (
  `id` int NOT NULL AUTO_INCREMENT COMMENT 'id',
  `parent_id` int NULL DEFAULT 0 COMMENT '父菜单ID',
  `icon` varchar(100) CHARACTER SET utf8mb4 COLLATE utf8mb4_0900_ai_ci NULL DEFAULT NULL COMMENT '菜单图标',
  `menu_sort` int NULL DEFAULT NULL COMMENT '显示顺序',
  `menu_name` varchar(100) CHARACTER SET utf8mb4 COLLATE utf8mb4_0900_ai_ci NOT NULL COMMENT '菜单名称',
  `menu_type` char(1) CHARACTER SET utf8mb4 COLLATE utf8mb4_0900_ai_ci NULL DEFAULT NULL COMMENT '菜单类型（M目录 C菜单 F按钮）',
  `path` varchar(255) CHARACTER SET utf8mb4 COLLATE utf8mb4_0900_ai_ci NULL DEFAULT NULL COMMENT '路由地址',
  `component` varchar(255) CHARACTER SET utf8mb4 COLLATE utf8mb4_0900_ai_ci NULL DEFAULT NULL COMMENT '路径',
  `perms` varchar(100) CHARACTER SET utf8mb4 COLLATE utf8mb4_0900_ai_ci NULL DEFAULT NULL COMMENT '权限标识',
  `status` char(1) CHARACTER SET utf8mb4 COLLATE utf8mb4_0900_ai_ci NULL DEFAULT '0' COMMENT '状态（0正常 1停用）',
  `created_by` int NULL DEFAULT NULL COMMENT '创建人',
  `created_time` datetime NULL DEFAULT NULL COMMENT '创建时间',
  `updated_by` int NULL DEFAULT NULL COMMENT '更新人',
  `updated_time` datetime NULL DEFAULT NULL COMMENT '更新时间',
  PRIMARY KEY (`id`) USING BTREE
) ENGINE = InnoDB AUTO_INCREMENT = 71 CHARACTER SET = utf8mb4 COLLATE = utf8mb4_0900_ai_ci COMMENT = '菜单权限表' ROW_FORMAT = DYNAMIC;

-- ----------------------------
-- Records of sys_menu
-- ----------------------------
INSERT INTO `sys_menu` VALUES (1, 0, 'el-icon-s-tools', 1, '系统管理', 'M', 'system', '', '', '0', 1, '2023-03-02 11:30:16', 1, '2023-04-04 09:36:38');
INSERT INTO `sys_menu` VALUES (2, 1, 'tree-table', 3, '菜单管理', 'C', 'menu', 'system/menu/index', '', '0', 1, '2023-03-02 13:17:28', 1, '2023-03-05 12:38:36');
INSERT INTO `sys_menu` VALUES (3, 1, 'user', 1, '用户管理', 'C', 'user', 'system/user/index', '', '0', 1, '2023-03-02 15:52:57', 1, '2023-03-06 11:54:17');
INSERT INTO `sys_menu` VALUES (4, 1, 'peoples', 2, '角色管理', 'C', 'role', 'system/role/index', '', '0', 1, '2023-03-02 16:23:39', 1, '2023-03-05 12:38:32');
INSERT INTO `sys_menu` VALUES (5, 1, 'el-icon-s-order', 4, '字典管理', 'C', 'dictType', 'system/dict/type/index', '', '0', 1, '2023-03-02 17:05:03', 1, '2023-03-05 12:38:39');
INSERT INTO `sys_menu` VALUES (6, 0, 'el-icon-cpu', 2, '系统监控', 'M', 'monitor', '', '', '0', 1, '2023-03-02 17:11:55', 1, '2023-04-04 09:36:48');
INSERT INTO `sys_menu` VALUES (7, 6, 'el-icon-stopwatch', 1, '系统服务', 'C', 'server', 'monitor/server/index', '', '0', 1, '2023-03-02 17:15:15', 1, '2023-03-05 12:38:45');
INSERT INTO `sys_menu` VALUES (8, 6, 'el-icon-user', 2, '在线用户', 'C', 'online', 'monitor/online/index', '', '0', 1, '2023-03-02 17:18:26', 1, '2023-03-05 12:42:04');
INSERT INTO `sys_menu` VALUES (9, 1, 'el-icon-s-claim', 5, '字典数据', 'C', 'dictData/:id', 'system/dict/data/index', '', '0', 1, '2023-03-06 10:54:05', 1, '2023-03-06 10:54:05');
INSERT INTO `sys_menu` VALUES (10, 3, '', 1, '新增', 'F', '', '', 'system:user:add', '0', 1, '2023-03-06 11:17:09', 1, '2023-03-06 11:17:09');
INSERT INTO `sys_menu` VALUES (11, 3, '', 2, '更新', 'F', '', '', 'system:user:update', '0', 1, '2023-03-06 11:26:29', 1, '2023-03-06 11:26:29');
INSERT INTO `sys_menu` VALUES (12, 3, '', 3, '删除', 'F', '', '', 'system:user:delete', '0', 1, '2023-03-06 11:31:19', 1, '2023-03-06 11:31:19');
INSERT INTO `sys_menu` VALUES (13, 3, '', 0, '列表', 'F', '', '', 'system:user:list', '0', 1, '2023-03-06 11:54:33', 1, '2023-03-06 11:54:33');
INSERT INTO `sys_menu` VALUES (14, 4, '', 0, '列表', 'F', '', '', 'system:role:list', '0', 1, '2023-03-06 11:56:48', 1, '2023-03-06 11:56:48');
INSERT INTO `sys_menu` VALUES (15, 4, '', 1, '新增', 'F', '', '', 'system:role:add', '0', 1, '2023-03-06 11:58:19', 1, '2023-03-06 11:58:19');
INSERT INTO `sys_menu` VALUES (16, 4, '', 2, '更新', 'F', '', '', 'system:role:update', '0', 1, '2023-03-06 11:58:54', 1, '2023-03-06 11:58:54');
INSERT INTO `sys_menu` VALUES (17, 4, '', 3, '删除', 'F', '', '', 'system:role:delete', '0', 1, '2023-03-06 11:59:49', 1, '2023-03-06 11:59:49');
INSERT INTO `sys_menu` VALUES (18, 2, '', 0, '列表', 'F', '', '', 'system:menu:list', '0', 1, '2023-03-06 13:18:09', 1, '2023-03-06 13:18:28');
INSERT INTO `sys_menu` VALUES (19, 2, '', 1, '新增', 'F', '', '', 'system:menu:add', '0', 1, '2023-03-06 13:18:40', 1, '2023-03-06 13:18:40');
INSERT INTO `sys_menu` VALUES (20, 2, '', 2, '更新', 'F', '', '', 'system:menu:update', '0', 1, '2023-03-06 13:18:58', 1, '2023-03-06 13:18:58');
INSERT INTO `sys_menu` VALUES (21, 2, '', 3, '删除', 'F', '', '', 'system:menu:delete', '0', 1, '2023-03-06 13:19:12', 1, '2023-03-06 13:19:12');
INSERT INTO `sys_menu` VALUES (22, 5, '', 0, '列表', 'F', '', '', 'system:dict:list', '0', 1, '2023-03-06 13:21:30', 1, '2023-03-06 13:21:30');
INSERT INTO `sys_menu` VALUES (23, 5, '', 1, '新增', 'F', '', '', 'system:dict:add', '0', 1, '2023-03-06 13:21:45', 1, '2023-03-06 13:21:45');
INSERT INTO `sys_menu` VALUES (24, 5, '', 3, '删除', 'F', '', '', 'system:dict:delete', '0', 1, '2023-03-06 13:22:00', 1, '2023-03-06 13:22:00');
INSERT INTO `sys_menu` VALUES (25, 5, '', 2, '更新', 'F', '', '', 'system:dict:update', '0', 1, '2023-03-06 13:22:16', 1, '2023-03-06 13:22:16');
INSERT INTO `sys_menu` VALUES (26, 9, '', 0, '列表', 'F', '', '', 'dict:data:list', '0', 1, '2023-03-06 13:22:48', 1, '2023-03-06 13:22:48');
INSERT INTO `sys_menu` VALUES (27, 9, '', 1, '新增', 'F', '', '', 'dict:data:add', '0', 1, '2023-03-06 13:23:02', 1, '2023-03-06 13:23:02');
INSERT INTO `sys_menu` VALUES (28, 9, '', 2, '更新', 'F', '', '', 'dict:data:update', '0', 1, '2023-03-06 13:23:18', 1, '2023-03-06 13:23:18');
INSERT INTO `sys_menu` VALUES (29, 9, '', 3, '删除', 'F', '', '', 'dict:data:delete', '0', 1, '2023-03-06 13:23:39', 1, '2023-03-06 13:23:39');
INSERT INTO `sys_menu` VALUES (30, 5, '', 4, '刷新缓存', 'F', '', '', 'system:dict:clean', '0', 1, '2023-03-06 13:42:13', 1, '2023-03-06 13:42:32');
INSERT INTO `sys_menu` VALUES (31, 1, 'el-icon-s-tools', 2, '系统配置', 'C', 'config', 'system/config/index', '', '0', 1, '2023-03-08 14:15:33', 1, '2023-03-08 14:15:53');
INSERT INTO `sys_menu` VALUES (32, 0, 'el-icon-files', 3, '文件管理', 'M', 'file', '', '', '0', 1, '2023-03-18 11:53:52', 1, '2023-03-31 17:56:06');
INSERT INTO `sys_menu` VALUES (33, 32, 'el-icon-folder-opened', 0, '文件详情', 'C', 'files', 'file/files/index', '', '0', 1, '2023-03-18 11:57:26', 1, '2023-03-18 12:09:05');
INSERT INTO `sys_menu` VALUES (34, 32, 'el-icon-delete', 1, '回收站', 'C', 'delete', 'file/delete/index', '', '0', 1, '2023-03-18 12:09:56', 1, '2023-03-18 12:09:56');
INSERT INTO `sys_menu` VALUES (35, 1, 'el-icon-info', 5, '日志管理', 'C', 'log', 'system/log/index', '', '0', 1, '2023-03-30 15:58:04', 1, '2023-03-30 15:58:49');
INSERT INTO `sys_menu` VALUES (36, 35, '', 0, '列表', 'F', '', '', 'system:log:list', '0', 1, '2023-03-30 16:15:16', 1, '2023-03-30 16:15:16');
INSERT INTO `sys_menu` VALUES (37, 35, '', 1, '删除', 'F', '', '', 'system:log:delete', '0', 1, '2023-03-30 16:15:42', 1, '2023-03-30 16:15:42');
INSERT INTO `sys_menu` VALUES (38, 35, '', 2, '清空', 'F', '', '', 'system:log:clean', '0', 1, '2023-03-30 16:16:51', 1, '2023-03-30 16:17:04');
INSERT INTO `sys_menu` VALUES (39, 31, '', 0, '查看', 'F', '', '', 'system:config:select', '0', 1, '2023-03-31 11:04:08', 1, '2023-03-31 11:04:08');
INSERT INTO `sys_menu` VALUES (40, 31, '', 1, '保存', 'F', '', '', 'system:config:save', '0', 1, '2023-03-31 11:04:58', 1, '2023-03-31 11:04:58');
INSERT INTO `sys_menu` VALUES (41, 0, 'edit', 0, '文章管理', 'M', 'note', '', '', '0', 1, '2023-03-31 17:55:49', 1, '2023-03-31 17:59:32');
INSERT INTO `sys_menu` VALUES (42, 41, 'el-icon-collection-tag', 2, '标签管理', 'C', 'tags', 'note/tags/index', '', '0', 1, '2023-03-31 17:59:09', 1, '2023-04-07 11:00:29');
INSERT INTO `sys_menu` VALUES (43, 42, '', 0, '列表', 'F', '', '', 'note:tags:list', '0', 1, '2023-04-03 13:25:39', 1, '2023-04-03 13:25:39');
INSERT INTO `sys_menu` VALUES (44, 42, '', 1, '新增', 'F', '', '', 'note:tags:add', '0', 1, '2023-04-03 13:25:53', 1, '2023-04-03 13:25:57');
INSERT INTO `sys_menu` VALUES (45, 42, '', 2, '更新', 'F', '', '', 'note:tags:update', '0', 1, '2023-04-03 13:26:15', 1, '2023-04-03 13:26:15');
INSERT INTO `sys_menu` VALUES (46, 42, '', 3, '删除', 'F', '', '', 'note:tags:delete', '0', 1, '2023-04-03 13:26:35', 1, '2023-04-03 13:26:35');
INSERT INTO `sys_menu` VALUES (47, 41, 'el-icon-price-tag', 3, '分类管理', 'C', 'category', 'note/category/index', '', '0', 1, '2023-04-03 13:28:22', 1, '2023-04-07 11:00:36');
INSERT INTO `sys_menu` VALUES (48, 47, '', 0, '列表', 'F', '', '', 'note:category:list', '0', 1, '2023-04-03 13:53:48', 1, '2023-04-03 13:53:48');
INSERT INTO `sys_menu` VALUES (49, 47, '', 1, '新增', 'F', '', '', 'note:category:add', '0', 1, '2023-04-03 13:54:09', 1, '2023-04-03 13:54:09');
INSERT INTO `sys_menu` VALUES (50, 47, '', 2, '更新', 'F', '', '', 'note:category:update', '0', 1, '2023-04-03 13:54:29', 1, '2023-04-03 13:54:29');
INSERT INTO `sys_menu` VALUES (51, 47, '', 3, '删除', 'F', '', '', 'note:category:delete', '0', 1, '2023-04-03 13:55:00', 1, '2023-04-03 13:55:00');
INSERT INTO `sys_menu` VALUES (52, 41, 'el-icon-document', 0, '文章中心', 'C', 'article', 'note/article/index', '', '0', 1, '2023-04-04 14:26:20', 1, '2023-04-07 16:37:27');
INSERT INTO `sys_menu` VALUES (53, 52, '', 0, '列表', 'F', '', '', 'note:article:list', '0', 1, '2023-04-04 14:33:19', 1, '2023-04-04 14:33:19');
INSERT INTO `sys_menu` VALUES (54, 52, '', 1, '新增', 'F', '', '', 'note:article:add', '0', 1, '2023-04-04 14:33:59', 1, '2023-04-04 14:33:59');
INSERT INTO `sys_menu` VALUES (55, 52, '', 2, '更新', 'F', '', '', 'note:article:update', '0', 1, '2023-04-04 14:34:15', 1, '2023-04-04 14:34:15');
INSERT INTO `sys_menu` VALUES (56, 52, '', 3, '删除', 'F', '', '', 'note:article:delete', '0', 1, '2023-04-04 14:34:45', 1, '2023-04-04 14:34:45');
INSERT INTO `sys_menu` VALUES (57, 41, 'el-icon-edit', 1, '写作中心', 'C', 'edit', 'note/edit/index', '', '0', 1, '2023-04-06 17:36:31', 1, '2023-04-07 16:37:23');
INSERT INTO `sys_menu` VALUES (58, 52, '', 4, '是否顶置', 'F', '', '', 'note:article:top', '0', 1, '2023-04-08 21:34:32', 1, '2023-04-08 21:34:32');
INSERT INTO `sys_menu` VALUES (59, 52, '', 5, '是否发布', 'F', '', '', 'note:article:push', '0', 1, '2023-04-08 21:34:51', 1, '2023-04-08 21:34:51');
INSERT INTO `sys_menu` VALUES (65, 8, '', 0, '列表', 'F', '', '', 'monitor:online:list', '0', 1, '2023-04-13 13:22:58', 1, '2023-04-13 13:22:58');
INSERT INTO `sys_menu` VALUES (66, 8, '', 1, '退出', 'F', '', '', 'monitor:online:delete', '0', 1, '2023-04-13 13:23:18', 1, '2023-04-13 13:23:18');
INSERT INTO `sys_menu` VALUES (67, 41, 'el-icon-message', 5, '留言管理', 'C', 'comment', 'note/comment/index', '', '0', 1, '2023-05-25 21:03:38', 1, '2023-05-25 22:53:26');
INSERT INTO `sys_menu` VALUES (68, 67, '', 0, '列表', 'F', '', '', 'note:comment:list', '0', 1, '2023-05-28 08:37:42', 1, '2023-05-28 08:38:16');
INSERT INTO `sys_menu` VALUES (69, 67, '', 1, '留言', 'F', '', '', 'note:comment:add', '0', 1, '2023-05-28 08:38:32', 1, '2023-05-28 08:38:39');
INSERT INTO `sys_menu` VALUES (70, 67, '', 2, '删除', 'F', '', '', 'note:comment:delete', '0', 1, '2023-05-28 08:39:01', 1, '2023-05-28 08:39:01');

-- ----------------------------
-- Table structure for sys_role
-- ----------------------------
DROP TABLE IF EXISTS `sys_role`;
CREATE TABLE `sys_role`  (
  `id` int NOT NULL AUTO_INCREMENT COMMENT 'id',
  `code` varchar(100) CHARACTER SET utf8mb4 COLLATE utf8mb4_0900_ai_ci NULL DEFAULT NULL COMMENT '角色编码',
  `name` varchar(255) CHARACTER SET utf8mb4 COLLATE utf8mb4_0900_ai_ci NULL DEFAULT NULL COMMENT '角色名称',
  `remarks` varchar(255) CHARACTER SET utf8mb4 COLLATE utf8mb4_0900_ai_ci NULL DEFAULT NULL COMMENT '角色描述',
  `status` char(1) CHARACTER SET utf8mb4 COLLATE utf8mb4_0900_ai_ci NULL DEFAULT '0' COMMENT '角色状态（0正常 1停用）',
  `created_by` int NULL DEFAULT NULL COMMENT '创建人',
  `created_time` datetime NULL DEFAULT NULL COMMENT '创建时间',
  `updated_by` int NULL DEFAULT NULL COMMENT '更新人',
  `updated_time` datetime NULL DEFAULT NULL COMMENT '更新时间',
  PRIMARY KEY (`id`) USING BTREE
) ENGINE = InnoDB AUTO_INCREMENT = 5 CHARACTER SET = utf8mb4 COLLATE = utf8mb4_0900_ai_ci COMMENT = '角色表' ROW_FORMAT = DYNAMIC;

-- ----------------------------
-- Records of sys_role
-- ----------------------------
INSERT INTO `sys_role` VALUES (1, 'admin', '管理员', '默认管理员，可以管理所有东西', '0', 1, '2023-01-29 16:51:22', 1, '2023-06-30 13:59:22');
INSERT INTO `sys_role` VALUES (2, 'user', '普通用户', '默认普通用户', '0', 2, '2023-02-03 17:39:35', 1, '2023-06-30 13:59:01');
INSERT INTO `sys_role` VALUES (3, 'test', '测试', '测试', '0', 1, '2023-03-01 15:22:14', 1, '2023-06-26 17:33:54');
INSERT INTO `sys_role` VALUES (4, 'test1', 'tset1', '测试1', '0', 1, '2023-03-03 15:16:56', 1, '2023-03-03 16:25:03');

-- ----------------------------
-- Table structure for sys_role_menu
-- ----------------------------
DROP TABLE IF EXISTS `sys_role_menu`;
CREATE TABLE `sys_role_menu`  (
  `id` int NOT NULL AUTO_INCREMENT COMMENT 'id',
  `role_id` int NOT NULL COMMENT '角色id',
  `menu_id` int NOT NULL COMMENT '菜单权限id',
  `created_by` int NULL DEFAULT NULL COMMENT '创建人',
  `created_time` datetime NULL DEFAULT NULL COMMENT '创建时间',
  `updated_by` int NULL DEFAULT NULL COMMENT '更新人',
  `updated_time` datetime NULL DEFAULT NULL COMMENT '更新时间',
  PRIMARY KEY (`id`) USING BTREE
) ENGINE = InnoDB AUTO_INCREMENT = 1883 CHARACTER SET = utf8mb4 COLLATE = utf8mb4_0900_ai_ci COMMENT = '角色权限关联表' ROW_FORMAT = DYNAMIC;

-- ----------------------------
-- Records of sys_role_menu
-- ----------------------------
INSERT INTO `sys_role_menu` VALUES (41, 4, 6, 1, '2023-03-03 16:25:03', 1, '2023-03-03 16:25:03');
INSERT INTO `sys_role_menu` VALUES (42, 4, 7, 1, '2023-03-03 16:25:03', 1, '2023-03-03 16:25:03');
INSERT INTO `sys_role_menu` VALUES (43, 4, 8, 1, '2023-03-03 16:25:03', 1, '2023-03-03 16:25:03');
INSERT INTO `sys_role_menu` VALUES (1795, 3, 1, 1, '2023-06-26 17:33:54', 1, '2023-06-26 17:33:54');
INSERT INTO `sys_role_menu` VALUES (1796, 3, 3, 1, '2023-06-26 17:33:54', 1, '2023-06-26 17:33:54');
INSERT INTO `sys_role_menu` VALUES (1797, 3, 6, 1, '2023-06-26 17:33:54', 1, '2023-06-26 17:33:54');
INSERT INTO `sys_role_menu` VALUES (1798, 3, 7, 1, '2023-06-26 17:33:54', 1, '2023-06-26 17:33:54');
INSERT INTO `sys_role_menu` VALUES (1799, 3, 8, 1, '2023-06-26 17:33:54', 1, '2023-06-26 17:33:54');
INSERT INTO `sys_role_menu` VALUES (1800, 2, 41, 1, '2023-06-30 13:59:01', 1, '2023-06-30 13:59:01');
INSERT INTO `sys_role_menu` VALUES (1801, 2, 52, 1, '2023-06-30 13:59:01', 1, '2023-06-30 13:59:01');
INSERT INTO `sys_role_menu` VALUES (1802, 2, 53, 1, '2023-06-30 13:59:01', 1, '2023-06-30 13:59:01');
INSERT INTO `sys_role_menu` VALUES (1803, 2, 54, 1, '2023-06-30 13:59:01', 1, '2023-06-30 13:59:01');
INSERT INTO `sys_role_menu` VALUES (1804, 2, 55, 1, '2023-06-30 13:59:01', 1, '2023-06-30 13:59:01');
INSERT INTO `sys_role_menu` VALUES (1805, 2, 56, 1, '2023-06-30 13:59:01', 1, '2023-06-30 13:59:01');
INSERT INTO `sys_role_menu` VALUES (1806, 2, 59, 1, '2023-06-30 13:59:01', 1, '2023-06-30 13:59:01');
INSERT INTO `sys_role_menu` VALUES (1807, 2, 57, 1, '2023-06-30 13:59:01', 1, '2023-06-30 13:59:01');
INSERT INTO `sys_role_menu` VALUES (1808, 2, 42, 1, '2023-06-30 13:59:01', 1, '2023-06-30 13:59:01');
INSERT INTO `sys_role_menu` VALUES (1809, 2, 43, 1, '2023-06-30 13:59:01', 1, '2023-06-30 13:59:01');
INSERT INTO `sys_role_menu` VALUES (1810, 2, 44, 1, '2023-06-30 13:59:01', 1, '2023-06-30 13:59:01');
INSERT INTO `sys_role_menu` VALUES (1811, 2, 47, 1, '2023-06-30 13:59:01', 1, '2023-06-30 13:59:01');
INSERT INTO `sys_role_menu` VALUES (1812, 2, 48, 1, '2023-06-30 13:59:01', 1, '2023-06-30 13:59:01');
INSERT INTO `sys_role_menu` VALUES (1813, 2, 49, 1, '2023-06-30 13:59:01', 1, '2023-06-30 13:59:01');
INSERT INTO `sys_role_menu` VALUES (1814, 2, 67, 1, '2023-06-30 13:59:01', 1, '2023-06-30 13:59:01');
INSERT INTO `sys_role_menu` VALUES (1815, 2, 68, 1, '2023-06-30 13:59:01', 1, '2023-06-30 13:59:01');
INSERT INTO `sys_role_menu` VALUES (1816, 2, 69, 1, '2023-06-30 13:59:01', 1, '2023-06-30 13:59:01');
INSERT INTO `sys_role_menu` VALUES (1817, 2, 70, 1, '2023-06-30 13:59:01', 1, '2023-06-30 13:59:01');
INSERT INTO `sys_role_menu` VALUES (1818, 1, 41, 1, '2023-06-30 13:59:22', 1, '2023-06-30 13:59:22');
INSERT INTO `sys_role_menu` VALUES (1819, 1, 52, 1, '2023-06-30 13:59:22', 1, '2023-06-30 13:59:22');
INSERT INTO `sys_role_menu` VALUES (1820, 1, 53, 1, '2023-06-30 13:59:22', 1, '2023-06-30 13:59:22');
INSERT INTO `sys_role_menu` VALUES (1821, 1, 54, 1, '2023-06-30 13:59:22', 1, '2023-06-30 13:59:22');
INSERT INTO `sys_role_menu` VALUES (1822, 1, 55, 1, '2023-06-30 13:59:22', 1, '2023-06-30 13:59:22');
INSERT INTO `sys_role_menu` VALUES (1823, 1, 56, 1, '2023-06-30 13:59:22', 1, '2023-06-30 13:59:22');
INSERT INTO `sys_role_menu` VALUES (1824, 1, 58, 1, '2023-06-30 13:59:22', 1, '2023-06-30 13:59:22');
INSERT INTO `sys_role_menu` VALUES (1825, 1, 59, 1, '2023-06-30 13:59:22', 1, '2023-06-30 13:59:22');
INSERT INTO `sys_role_menu` VALUES (1826, 1, 57, 1, '2023-06-30 13:59:22', 1, '2023-06-30 13:59:22');
INSERT INTO `sys_role_menu` VALUES (1827, 1, 42, 1, '2023-06-30 13:59:22', 1, '2023-06-30 13:59:22');
INSERT INTO `sys_role_menu` VALUES (1828, 1, 43, 1, '2023-06-30 13:59:22', 1, '2023-06-30 13:59:22');
INSERT INTO `sys_role_menu` VALUES (1829, 1, 44, 1, '2023-06-30 13:59:22', 1, '2023-06-30 13:59:22');
INSERT INTO `sys_role_menu` VALUES (1830, 1, 45, 1, '2023-06-30 13:59:22', 1, '2023-06-30 13:59:22');
INSERT INTO `sys_role_menu` VALUES (1831, 1, 46, 1, '2023-06-30 13:59:22', 1, '2023-06-30 13:59:22');
INSERT INTO `sys_role_menu` VALUES (1832, 1, 47, 1, '2023-06-30 13:59:22', 1, '2023-06-30 13:59:22');
INSERT INTO `sys_role_menu` VALUES (1833, 1, 48, 1, '2023-06-30 13:59:22', 1, '2023-06-30 13:59:22');
INSERT INTO `sys_role_menu` VALUES (1834, 1, 49, 1, '2023-06-30 13:59:22', 1, '2023-06-30 13:59:22');
INSERT INTO `sys_role_menu` VALUES (1835, 1, 50, 1, '2023-06-30 13:59:22', 1, '2023-06-30 13:59:22');
INSERT INTO `sys_role_menu` VALUES (1836, 1, 51, 1, '2023-06-30 13:59:22', 1, '2023-06-30 13:59:22');
INSERT INTO `sys_role_menu` VALUES (1837, 1, 67, 1, '2023-06-30 13:59:22', 1, '2023-06-30 13:59:22');
INSERT INTO `sys_role_menu` VALUES (1838, 1, 68, 1, '2023-06-30 13:59:22', 1, '2023-06-30 13:59:22');
INSERT INTO `sys_role_menu` VALUES (1839, 1, 69, 1, '2023-06-30 13:59:22', 1, '2023-06-30 13:59:22');
INSERT INTO `sys_role_menu` VALUES (1840, 1, 70, 1, '2023-06-30 13:59:22', 1, '2023-06-30 13:59:22');
INSERT INTO `sys_role_menu` VALUES (1841, 1, 1, 1, '2023-06-30 13:59:22', 1, '2023-06-30 13:59:22');
INSERT INTO `sys_role_menu` VALUES (1842, 1, 3, 1, '2023-06-30 13:59:22', 1, '2023-06-30 13:59:22');
INSERT INTO `sys_role_menu` VALUES (1843, 1, 13, 1, '2023-06-30 13:59:22', 1, '2023-06-30 13:59:22');
INSERT INTO `sys_role_menu` VALUES (1844, 1, 10, 1, '2023-06-30 13:59:22', 1, '2023-06-30 13:59:22');
INSERT INTO `sys_role_menu` VALUES (1845, 1, 11, 1, '2023-06-30 13:59:22', 1, '2023-06-30 13:59:22');
INSERT INTO `sys_role_menu` VALUES (1846, 1, 12, 1, '2023-06-30 13:59:22', 1, '2023-06-30 13:59:22');
INSERT INTO `sys_role_menu` VALUES (1847, 1, 4, 1, '2023-06-30 13:59:22', 1, '2023-06-30 13:59:22');
INSERT INTO `sys_role_menu` VALUES (1848, 1, 14, 1, '2023-06-30 13:59:22', 1, '2023-06-30 13:59:22');
INSERT INTO `sys_role_menu` VALUES (1849, 1, 15, 1, '2023-06-30 13:59:22', 1, '2023-06-30 13:59:22');
INSERT INTO `sys_role_menu` VALUES (1850, 1, 16, 1, '2023-06-30 13:59:22', 1, '2023-06-30 13:59:22');
INSERT INTO `sys_role_menu` VALUES (1851, 1, 17, 1, '2023-06-30 13:59:22', 1, '2023-06-30 13:59:22');
INSERT INTO `sys_role_menu` VALUES (1852, 1, 31, 1, '2023-06-30 13:59:22', 1, '2023-06-30 13:59:22');
INSERT INTO `sys_role_menu` VALUES (1853, 1, 39, 1, '2023-06-30 13:59:22', 1, '2023-06-30 13:59:22');
INSERT INTO `sys_role_menu` VALUES (1854, 1, 40, 1, '2023-06-30 13:59:22', 1, '2023-06-30 13:59:22');
INSERT INTO `sys_role_menu` VALUES (1855, 1, 2, 1, '2023-06-30 13:59:22', 1, '2023-06-30 13:59:22');
INSERT INTO `sys_role_menu` VALUES (1856, 1, 18, 1, '2023-06-30 13:59:22', 1, '2023-06-30 13:59:22');
INSERT INTO `sys_role_menu` VALUES (1857, 1, 19, 1, '2023-06-30 13:59:22', 1, '2023-06-30 13:59:22');
INSERT INTO `sys_role_menu` VALUES (1858, 1, 20, 1, '2023-06-30 13:59:22', 1, '2023-06-30 13:59:22');
INSERT INTO `sys_role_menu` VALUES (1859, 1, 21, 1, '2023-06-30 13:59:22', 1, '2023-06-30 13:59:22');
INSERT INTO `sys_role_menu` VALUES (1860, 1, 5, 1, '2023-06-30 13:59:22', 1, '2023-06-30 13:59:22');
INSERT INTO `sys_role_menu` VALUES (1861, 1, 22, 1, '2023-06-30 13:59:22', 1, '2023-06-30 13:59:22');
INSERT INTO `sys_role_menu` VALUES (1862, 1, 23, 1, '2023-06-30 13:59:22', 1, '2023-06-30 13:59:22');
INSERT INTO `sys_role_menu` VALUES (1863, 1, 25, 1, '2023-06-30 13:59:22', 1, '2023-06-30 13:59:22');
INSERT INTO `sys_role_menu` VALUES (1864, 1, 24, 1, '2023-06-30 13:59:22', 1, '2023-06-30 13:59:22');
INSERT INTO `sys_role_menu` VALUES (1865, 1, 30, 1, '2023-06-30 13:59:22', 1, '2023-06-30 13:59:22');
INSERT INTO `sys_role_menu` VALUES (1866, 1, 9, 1, '2023-06-30 13:59:22', 1, '2023-06-30 13:59:22');
INSERT INTO `sys_role_menu` VALUES (1867, 1, 26, 1, '2023-06-30 13:59:22', 1, '2023-06-30 13:59:22');
INSERT INTO `sys_role_menu` VALUES (1868, 1, 27, 1, '2023-06-30 13:59:22', 1, '2023-06-30 13:59:22');
INSERT INTO `sys_role_menu` VALUES (1869, 1, 28, 1, '2023-06-30 13:59:22', 1, '2023-06-30 13:59:22');
INSERT INTO `sys_role_menu` VALUES (1870, 1, 29, 1, '2023-06-30 13:59:22', 1, '2023-06-30 13:59:22');
INSERT INTO `sys_role_menu` VALUES (1871, 1, 35, 1, '2023-06-30 13:59:22', 1, '2023-06-30 13:59:22');
INSERT INTO `sys_role_menu` VALUES (1872, 1, 36, 1, '2023-06-30 13:59:22', 1, '2023-06-30 13:59:22');
INSERT INTO `sys_role_menu` VALUES (1873, 1, 37, 1, '2023-06-30 13:59:22', 1, '2023-06-30 13:59:22');
INSERT INTO `sys_role_menu` VALUES (1874, 1, 38, 1, '2023-06-30 13:59:22', 1, '2023-06-30 13:59:22');
INSERT INTO `sys_role_menu` VALUES (1875, 1, 6, 1, '2023-06-30 13:59:22', 1, '2023-06-30 13:59:22');
INSERT INTO `sys_role_menu` VALUES (1876, 1, 7, 1, '2023-06-30 13:59:22', 1, '2023-06-30 13:59:22');
INSERT INTO `sys_role_menu` VALUES (1877, 1, 8, 1, '2023-06-30 13:59:22', 1, '2023-06-30 13:59:22');
INSERT INTO `sys_role_menu` VALUES (1878, 1, 65, 1, '2023-06-30 13:59:22', 1, '2023-06-30 13:59:22');
INSERT INTO `sys_role_menu` VALUES (1879, 1, 66, 1, '2023-06-30 13:59:22', 1, '2023-06-30 13:59:22');
INSERT INTO `sys_role_menu` VALUES (1880, 1, 32, 1, '2023-06-30 13:59:22', 1, '2023-06-30 13:59:22');
INSERT INTO `sys_role_menu` VALUES (1881, 1, 33, 1, '2023-06-30 13:59:22', 1, '2023-06-30 13:59:22');
INSERT INTO `sys_role_menu` VALUES (1882, 1, 34, 1, '2023-06-30 13:59:22', 1, '2023-06-30 13:59:22');

-- ----------------------------
-- Table structure for sys_user
-- ----------------------------
DROP TABLE IF EXISTS `sys_user`;
CREATE TABLE `sys_user`  (
  `id` int NOT NULL AUTO_INCREMENT COMMENT 'id',
  `username` varchar(100) CHARACTER SET utf8mb4 COLLATE utf8mb4_0900_ai_ci NULL DEFAULT NULL COMMENT '用户名',
  `password` varchar(100) CHARACTER SET utf8mb4 COLLATE utf8mb4_0900_ai_ci NULL DEFAULT NULL COMMENT '密码',
  `nick_name` varchar(100) CHARACTER SET utf8mb4 COLLATE utf8mb4_0900_ai_ci NULL DEFAULT NULL COMMENT '用户昵称',
  `gender` char(1) CHARACTER SET utf8mb4 COLLATE utf8mb4_0900_ai_ci NULL DEFAULT '2' COMMENT '用户性别（ 0女 1男2未知）',
  `avatar` varchar(100) CHARACTER SET utf8mb4 COLLATE utf8mb4_0900_ai_ci NULL DEFAULT NULL COMMENT '头像地址',
  `email` varchar(100) CHARACTER SET utf8mb4 COLLATE utf8mb4_0900_ai_ci NULL DEFAULT NULL COMMENT '用户邮箱',
  `mobile` varchar(100) CHARACTER SET utf8mb4 COLLATE utf8mb4_0900_ai_ci NULL DEFAULT NULL COMMENT '手机号',
  `qq_number` varchar(100) CHARACTER SET utf8mb4 COLLATE utf8mb4_0900_ai_ci NULL DEFAULT NULL COMMENT 'qq号',
  `we_chat` varchar(100) CHARACTER SET utf8mb4 COLLATE utf8mb4_0900_ai_ci NULL DEFAULT NULL COMMENT '微信号',
  `summary` varchar(255) CHARACTER SET utf8mb4 COLLATE utf8mb4_0900_ai_ci NULL DEFAULT NULL COMMENT '自我介绍',
  `status` char(1) CHARACTER SET utf8mb4 COLLATE utf8mb4_0900_ai_ci NULL DEFAULT '0' COMMENT '帐号状态（0正常 1停用）',
  `login_count` int UNSIGNED NULL DEFAULT 0 COMMENT '登录次数',
  `login_ip` varchar(100) CHARACTER SET utf8mb4 COLLATE utf8mb4_0900_ai_ci NULL DEFAULT NULL COMMENT '最后登录ip',
  `login_source` varchar(255) CHARACTER SET utf8 COLLATE utf8_general_ci NULL DEFAULT NULL COMMENT 'ip来源',
  `login_date` datetime NULL DEFAULT NULL COMMENT '最后登录时间',
  `login_os` varchar(255) CHARACTER SET utf8 COLLATE utf8_general_ci NULL DEFAULT NULL COMMENT '操作系统',
  `login_browser` varchar(255) CHARACTER SET utf8 COLLATE utf8_general_ci NULL DEFAULT NULL COMMENT '浏览器',
  `created_by` int NULL DEFAULT NULL COMMENT '创建人',
  `created_time` datetime NULL DEFAULT NULL COMMENT '创建时间',
  `updated_by` int NULL DEFAULT NULL COMMENT '更新人',
  `updated_time` datetime NULL DEFAULT NULL COMMENT '更新时间',
  PRIMARY KEY (`id`) USING BTREE
) ENGINE = InnoDB AUTO_INCREMENT = 11 CHARACTER SET = utf8mb4 COLLATE = utf8mb4_0900_ai_ci COMMENT = '用户表' ROW_FORMAT = DYNAMIC;

-- ----------------------------
-- Records of sys_user
-- ----------------------------
INSERT INTO `sys_user` VALUES (1, 'admin', '4XBeVW8wO9P1tgT0TDRU2w==', '管理员', '1', '/avatar/1/1682927828059.png', '1372195290@qq.com', '15677777777', '1', '1', '1', '0', 162, '127.0.0.1', '内网IP', '2023-06-30 14:55:59', 'Windows 10', 'Chrome 11', 1, '2023-02-02 17:30:22', NULL, '2023-06-30 14:55:59');
INSERT INTO `sys_user` VALUES (2, 'user', '4XBeVW8wO9P1tgT0TDRU2w==', '普通用户', '2', '', '137@qq.com', NULL, NULL, NULL, NULL, '0', 8, '127.0.0.1', '内网IP', '2023-06-28 16:53:19', 'Windows 10', 'Chrome 11', 1, '2023-02-02 17:30:22', NULL, '2023-06-28 16:53:19');
INSERT INTO `sys_user` VALUES (4, 'test', '4XBeVW8wO9P1tgT0TDRU2w==', '', '0', '/avatar/4/1686899212304.png', '123@qq.com', NULL, NULL, NULL, NULL, '0', 16, '127.0.0.1', '内网IP', '2023-06-28 17:17:04', 'Windows 10', 'Chrome 11', 3, '2023-03-01 17:23:48', NULL, '2023-06-28 17:17:04');
INSERT INTO `sys_user` VALUES (10, 'zhangning', '4XBeVW8wO9P1tgT0TDRU2w==', 'zhangning', '2', '/avatar/10/1686899075353.png', '1251798207@qq.com', NULL, NULL, NULL, NULL, '0', 23, '39.88.213.46', '山东省 青岛市', '2023-06-16 17:08:45', 'Mac OS X', 'Chrome 11', NULL, '2023-06-15 22:18:00', NULL, '2023-06-16 17:08:45');

-- ----------------------------
-- Table structure for sys_user_role
-- ----------------------------
DROP TABLE IF EXISTS `sys_user_role`;
CREATE TABLE `sys_user_role`  (
  `id` int NOT NULL AUTO_INCREMENT COMMENT 'id',
  `user_id` int NOT NULL COMMENT '用户id',
  `role_id` int NOT NULL COMMENT '角色id',
  `created_by` int NULL DEFAULT NULL COMMENT '创建人',
  `created_time` datetime NULL DEFAULT NULL COMMENT '创建时间',
  `updated_by` int NULL DEFAULT NULL COMMENT '更新人',
  `updated_time` datetime NULL DEFAULT NULL COMMENT '更新时间',
  PRIMARY KEY (`id`) USING BTREE
) ENGINE = InnoDB AUTO_INCREMENT = 77 CHARACTER SET = utf8mb4 COLLATE = utf8mb4_0900_ai_ci COMMENT = '用户角色关联表' ROW_FORMAT = DYNAMIC;

-- ----------------------------
-- Records of sys_user_role
-- ----------------------------
INSERT INTO `sys_user_role` VALUES (68, 2, 2, 1, '2023-04-06 16:00:42', 1, '2023-04-06 16:00:42');
INSERT INTO `sys_user_role` VALUES (69, 1, 1, 1, '2023-05-01 15:57:08', 1, '2023-05-01 15:57:08');
INSERT INTO `sys_user_role` VALUES (75, 10, 2, 10, '2023-06-16 15:04:36', 10, '2023-06-16 15:04:36');
INSERT INTO `sys_user_role` VALUES (76, 4, 2, 4, '2023-06-16 15:06:52', 4, '2023-06-16 15:06:52');

SET FOREIGN_KEY_CHECKS = 1;
